Date,AMZN,Date,BP,Date,DIS,Date,NYMT
42006.66667,308.52,42006.66667,38.12,42006.66667,93.75,42006.66667,7.85
42009.66667,302.19,42009.66667,36.1,42009.66667,92.38,42009.66667,7.88
42010.66667,295.29,42010.66667,35.83,42010.66667,91.89,42010.66667,7.87
42011.66667,298.42,42011.66667,35.92,42011.66667,92.83,42011.66667,7.86
42012.66667,300.46,42012.66667,36.73,42012.66667,93.79,42012.66667,7.83
42013.66667,296.93,42013.66667,36.58,42013.66667,94.25,42013.66667,7.84
42016.66667,291.41,42016.66667,36.05,42016.66667,94.46,42016.66667,7.82
42017.66667,294.74,42017.66667,35.96,42017.66667,95.19,42017.66667,7.72
42018.66667,293.27,42018.66667,35.67,42018.66667,94.23,42018.66667,7.71
42019.66667,286.95,42019.66667,35.73,42019.66667,94.35,42019.66667,7.66
42020.66667,290.74,42020.66667,37.86,42020.66667,95.18,42020.66667,7.75
42024.66667,289.44,42024.66667,37.69,42024.66667,94.74,42024.66667,7.73
42025.66667,297.25,42025.66667,38.82,42025.66667,94.17,42025.66667,7.78
42026.66667,310.32,42026.66667,38.98,42026.66667,95.15,42026.66667,7.87
42027.66667,312.39,42027.66667,38.9,42027.66667,94.72,42027.66667,7.81
42030.66667,309.66,42030.66667,39.92,42030.66667,94.97,42030.66667,7.88
42031.66667,306.75,42031.66667,40.21,42031.66667,93.97,42031.66667,7.91
42032.66667,303.91,42032.66667,38.88,42032.66667,92.67,42032.66667,7.86
42033.66667,311.78,42033.66667,38.75,42033.66667,93.22,42033.66667,7.85
42034.66667,354.53,42034.66667,38.83,42034.66667,90.96,42034.66667,7.74
42037.66667,364.47,42037.66667,39.86,42037.66667,91.93,42037.66667,7.58
42038.66667,363.55,42038.66667,41.1,42038.66667,94.1,42038.66667,7.61
42039.66667,364.75,42039.66667,40.45,42039.66667,101.28,42039.66667,7.49
42040.66667,373.89,42040.66667,41.38,42040.66667,102.64,42040.66667,7.61
42041.66667,374.28,42041.66667,41.17,42041.66667,102.02,42041.66667,7.52
42044.66667,370.56,42044.66667,41.61,42044.66667,101.73,42044.66667,7.49
42045.66667,373,42045.66667,41.25,42045.66667,101.92,42045.66667,7.48
42046.66667,375.14,42046.66667,40.35,42046.66667,101.87,42046.66667,7.6
42047.66667,377.17,42047.66667,41.34,42047.66667,103.58,42047.66667,7.7
42048.66667,381.83,42048.66667,41.93,42048.66667,104.17,42048.66667,7.75
42052.66667,375.43,42052.66667,41.78,42052.66667,104.12,42052.66667,7.78
42053.66667,373.37,42053.66667,41.75,42053.66667,103.86,42053.66667,7.79
42054.66667,379,42054.66667,41.19,42054.66667,103.89,42054.66667,7.79
42055.66667,383.66,42055.66667,41.28,42055.66667,104.55,42055.66667,7.79
42058.66667,380.14,42058.66667,41.22,42058.66667,104.99,42058.66667,7.84
42059.66667,378.59,42059.66667,41.59,42059.66667,104.67,42059.66667,7.69
42060.66667,385.37,42060.66667,41.91,42060.66667,105.57,42060.66667,7.86
42061.66667,384.8,42061.66667,41.36,42061.66667,104.56,42061.66667,7.87
42062.66667,380.16,42062.66667,41.44,42062.66667,104.08,42062.66667,7.9
42065.66667,385.66,42065.66667,41.3,42065.66667,105.89,42065.66667,7.86
42066.66667,384.61,42066.66667,41.74,42066.66667,106.35,42066.66667,7.85
42067.66667,382.72,42067.66667,41.53,42067.66667,105.57,42067.66667,7.92
42068.66667,387.83,42068.66667,41.18,42068.66667,105.03,42068.66667,7.92
42069.66667,380.09,42069.66667,40.35,42069.66667,103.82,42069.66667,7.8
42072.66667,378.56,42072.66667,40.28,42072.66667,105.26,42072.66667,7.84
42073.66667,369.51,42073.66667,39.04,42073.66667,103.09,42073.66667,7.83
42074.66667,366.37,42074.66667,38.23,42074.66667,102.89,42074.66667,7.8
42075.66667,374.24,42075.66667,38.16,42075.66667,107.17,42075.66667,7.9
42076.66667,370.58,42076.66667,37.6,42076.66667,106.44,42076.66667,7.88
42079.66667,373.35,42079.66667,37.55,42079.66667,107.37,42079.66667,7.9
42080.66667,371.92,42080.66667,37.82,42080.66667,106.96,42080.66667,7.89
42081.66667,375.14,42081.66667,39.35,42081.66667,107.97,42081.66667,8.01
42082.66667,373.24,42082.66667,38.97,42082.66667,107.37,42082.66667,8.01
42083.66667,378.49,42083.66667,40.1,42083.66667,108.43,42083.66667,8.11
42086.66667,375.11,42086.66667,40.14,42086.66667,108.22,42086.66667,8.06
42087.66667,374.09,42087.66667,39.51,42087.66667,107.11,42087.66667,8.03
42088.66667,370.96,42088.66667,40.01,42088.66667,105,42088.66667,7.98
42089.66667,367.35,42089.66667,39.81,42089.66667,105.24,42089.66667,7.75
42090.66667,370.56,42090.66667,39.61,42090.66667,105.48,42090.66667,7.79
42093.66667,374.59,42093.66667,39.84,42093.66667,106.12,42093.66667,7.81
42094.66667,372.1,42094.66667,39.11,42094.66667,104.89,42094.66667,7.76
42095.66667,370.26,42095.66667,39.5,42095.66667,105.44,42095.66667,7.74
42096.66667,372.25,42096.66667,39.65,42096.66667,106,42096.66667,7.77
42100.66667,377.04,42100.66667,40.13,42100.66667,105.63,42100.66667,7.83
42101.66667,374.41,42101.66667,40.25,42101.66667,105.43,42101.66667,7.8
42102.66667,381.2,42102.66667,40.77,42102.66667,106.36,42102.66667,7.8
42103.66667,383.54,42103.66667,41.35,42103.66667,106.77,42103.66667,7.75
42104.66667,382.65,42104.66667,41.54,42104.66667,106.95,42104.66667,7.79
42107.66667,382.36,42107.66667,41.23,42107.66667,106.51,42107.66667,7.79
42108.66667,385.11,42108.66667,41.8,42108.66667,106.66,42108.66667,7.82
42109.66667,383.45,42109.66667,42.42,42109.66667,106.98,42109.66667,7.86
42110.66667,386.04,42110.66667,42.55,42110.66667,108.1,42110.66667,7.88
42111.66667,375.56,42111.66667,42.89,42111.66667,106.69,42111.66667,7.86
42114.66667,389.51,42114.66667,42.82,42114.66667,108.22,42114.66667,7.88
42115.66667,391.18,42115.66667,42.78,42115.66667,107.68,42115.66667,7.82
42116.66667,389.8,42116.66667,43.24,42116.66667,107.94,42116.66667,7.87
42117.66667,389.99,42117.66667,43.6,42117.66667,109,42117.66667,7.85
42118.66667,445.1,42118.66667,43.46,42118.66667,109.53,42118.66667,7.89
42121.66667,438.56,42121.66667,43.04,42121.66667,110.16,42121.66667,7.95
42122.66667,429.31,42122.66667,43.48,42122.66667,109.92,42122.66667,7.93
42123.66667,429.37,42123.66667,43.59,42123.66667,109.81,42123.66667,7.87
42124.66667,421.78,42124.66667,43.16,42124.66667,108.72,42124.66667,7.81
42125.66667,422.87,42125.66667,43.23,42125.66667,110.52,42125.66667,7.86
42128.66667,423.04,42128.66667,43.41,42128.66667,111.03,42128.66667,7.89
42129.66667,421.19,42129.66667,43.1,42129.66667,110.81,42129.66667,7.84
42130.66667,419.1,42130.66667,42.5,42130.66667,109.72,42130.66667,7.64
42131.66667,426.88,42131.66667,41.83,42131.66667,109.26,42131.66667,7.7
42132.66667,433.69,42132.66667,42.71,42132.66667,110.11,42132.66667,7.77
42135.66667,432.85,42135.66667,42.58,42135.66667,108.6,42135.66667,7.78
42136.66667,431.02,42136.66667,42.69,42136.66667,109.24,42136.66667,7.82
42137.66667,426.87,42137.66667,42.77,42137.66667,109.19,42137.66667,7.83
42138.66667,432.28,42138.66667,42.96,42138.66667,109.93,42138.66667,7.86
42139.66667,426,42139.66667,42.81,42139.66667,110.3,42139.66667,7.91
42142.66667,425.24,42142.66667,42.39,42142.66667,110.33,42142.66667,7.94
42143.66667,421.71,42143.66667,41.83,42143.66667,110.56,42143.66667,7.94
42144.66667,423.86,42144.66667,42.08,42144.66667,110.2,42144.66667,7.96
42145.66667,431.63,42145.66667,42.9,42145.66667,110.39,42145.66667,7.94
42146.66667,427.63,42146.66667,42.5,42146.66667,110.26,42146.66667,7.91
42150.66667,425.47,42150.66667,41.63,42150.66667,109.44,42150.66667,7.85
42151.66667,431.42,42151.66667,41.79,42151.66667,110.37,42151.66667,7.93
42152.66667,426.57,42152.66667,41.55,42152.66667,110.53,42152.66667,7.94
42153.66667,429.23,42153.66667,41.46,42153.66667,110.37,42153.66667,7.92
42156.66667,430.92,42156.66667,40.95,42156.66667,110.96,42156.66667,7.93
42157.66667,430.99,42157.66667,41.5,42157.66667,110.75,42157.66667,7.91
42158.66667,436.59,42158.66667,41.23,42158.66667,111.17,42158.66667,7.87
42159.66667,430.78,42159.66667,40.62,42159.66667,110.3,42159.66667,7.87
42160.66667,426.95,42160.66667,40.56,42160.66667,110.3,42160.66667,7.78
42163.66667,423.5,42163.66667,40.53,42163.66667,109.29,42163.66667,7.68
42164.66667,425.48,42164.66667,40.55,42164.66667,108.52,42164.66667,7.66
42165.66667,430.77,42165.66667,41.28,42165.66667,110,42165.66667,7.7
42166.66667,432.97,42166.66667,41.42,42166.66667,110.62,42166.66667,7.78
42167.66667,429.92,42167.66667,40.8,42167.66667,109.95,42167.66667,7.75
42170.66667,423.67,42170.66667,40.92,42170.66667,110.18,42170.66667,7.77
42171.66667,427.26,42171.66667,40.91,42171.66667,111.06,42171.66667,7.82
42172.66667,427.81,42172.66667,41.21,42172.66667,111.49,42172.66667,7.83
42173.66667,439.39,42173.66667,41.26,42173.66667,113.22,42173.66667,7.87
42174.66667,434.92,42174.66667,41.15,42174.66667,112.62,42174.66667,8.04
42177.66667,436.29,42177.66667,41.52,42177.66667,113.53,42177.66667,7.99
42178.66667,445.99,42178.66667,41.54,42178.66667,114.41,42178.66667,8.03
42179.66667,440.84,42179.66667,41.83,42179.66667,113.77,42179.66667,7.98
42180.66667,440.1,42180.66667,41.89,42180.66667,114.45,42180.66667,7.71
42181.66667,438.1,42181.66667,41.35,42181.66667,114.99,42181.66667,7.68
42184.66667,429.86,42184.66667,40.31,42184.66667,113.05,42184.66667,7.5
42185.66667,434.09,42185.66667,39.96,42185.66667,114.14,42185.66667,7.48
42186.66667,437.39,42186.66667,39.27,42186.66667,115.13,42186.66667,7.63
42187.66667,437.71,42187.66667,41.29,42187.66667,114.97,42187.66667,7.54
42191.66667,436.04,42191.66667,39.91,42191.66667,115.7,42191.66667,7.7
42192.66667,436.72,42192.66667,39.71,42192.66667,117.1,42192.66667,7.78
42193.66667,429.7,42193.66667,39.15,42193.66667,115.19,42193.66667,7.71
42194.66667,434.39,42194.66667,39.13,42194.66667,115.6,42194.66667,7.66
42195.66667,443.51,42195.66667,39.9,42195.66667,116.44,42195.66667,7.74
42198.66667,455.57,42198.66667,39.96,42198.66667,118.05,42198.66667,7.8
42199.66667,465.57,42199.66667,40.33,42199.66667,117.85,42199.66667,7.8
42200.66667,461.19,42200.66667,40.04,42200.66667,118.3,42200.66667,7.7
42201.66667,475.48,42201.66667,39.54,42201.66667,119.07,42201.66667,7.7
42202.66667,483.01,42202.66667,39.12,42202.66667,118.86,42202.66667,7.69
42205.66667,488.1,42205.66667,38.75,42205.66667,119.58,42205.66667,7.66
42206.66667,488,42206.66667,38.73,42206.66667,119.31,42206.66667,7.66
42207.66667,488.27,42207.66667,37.91,42207.66667,119.33,42207.66667,7.65
42208.66667,482.18,42208.66667,37.3,42208.66667,118.8,42208.66667,7.53
42209.66667,529.42,42209.66667,36.57,42209.66667,118.91,42209.66667,7.54
42212.66667,531.41,42212.66667,36.05,42212.66667,118.25,42212.66667,7.43
42213.66667,526.03,42213.66667,37.29,42213.66667,118.46,42213.66667,7.57
42214.66667,529,42214.66667,37.39,42214.66667,119.84,42214.66667,7.58
42215.66667,536.76,42215.66667,37.68,42215.66667,120.03,42215.66667,7.58
42216.66667,536.15,42216.66667,36.97,42216.66667,120,42216.66667,7.48
42219.66667,535.03,42219.66667,36.48,42219.66667,121.12,42219.66667,7.52
42220.66667,531.9,42220.66667,36.54,42220.66667,121.69,42220.66667,7.5
42221.66667,537.01,42221.66667,35.87,42221.66667,110.53,42221.66667,7.16
42222.66667,529.46,42222.66667,35.88,42222.66667,108.55,42222.66667,7.1
42223.66667,522.62,42223.66667,35.68,42223.66667,109.35,42223.66667,7.07
42226.66667,524,42226.66667,36.28,42226.66667,111,42226.66667,6.57
42227.66667,527.46,42227.66667,36.05,42227.66667,108,42227.66667,6.63
42228.66667,525.91,42228.66667,36.44,42228.66667,106.99,42228.66667,6.58
42229.66667,529.66,42229.66667,35.92,42229.66667,107.52,42229.66667,6.56
42230.66667,531.52,42230.66667,35.77,42230.66667,107.16,42230.66667,6.63
42233.66667,535.22,42233.66667,35.53,42233.66667,109.05,42233.66667,6.7
42234.66667,535.02,42234.66667,35.25,42234.66667,106.94,42234.66667,6.66
42235.66667,532.92,42235.66667,34.66,42235.66667,106.45,42235.66667,6.67
42236.66667,515.78,42236.66667,34.38,42236.66667,100.02,42236.66667,6.79
42237.66667,494.47,42237.66667,33.17,42237.66667,98.84,42237.66667,6.62
42240.66667,463.37,42240.66667,31.19,42240.66667,95.36,42240.66667,6.37
42241.66667,466.37,42241.66667,30.71,42241.66667,95.89,42241.66667,6.4
42242.66667,500.77,42242.66667,31.1,42242.66667,99.23,42242.66667,6.52
42243.66667,518.37,42243.66667,33.03,42243.66667,102.17,42243.66667,6.6
42244.66667,518.01,42244.66667,33.26,42244.66667,102.48,42244.66667,6.58
42247.66667,512.89,42247.66667,33.54,42247.66667,101.88,42247.66667,6.54
42248.66667,496.54,42248.66667,32.14,42248.66667,99.51,42248.66667,6.43
42249.66667,510.55,42249.66667,32.2,42249.66667,101.89,42249.66667,6.44
42250.66667,504.72,42250.66667,32.41,42250.66667,101.99,42250.66667,6.45
42251.66667,499,42251.66667,30.7,42251.66667,100.97,42251.66667,6.38
42255.66667,517.54,42255.66667,31.41,42255.66667,104.01,42255.66667,6.46
42256.66667,516.89,42256.66667,30.9,42256.66667,101.91,42256.66667,6.41
42257.66667,522.24,42257.66667,31.21,42257.66667,102.6,42257.66667,6.38
42258.66667,529.44,42258.66667,31.01,42258.66667,104.48,42258.66667,6.5
42261.66667,521.38,42261.66667,30.68,42261.66667,103.82,42261.66667,6.56
42262.66667,522.37,42262.66667,31.11,42262.66667,103.43,42262.66667,6.56
42263.66667,527.39,42263.66667,32.13,42263.66667,103.96,42263.66667,6.56
42264.66667,538.87,42264.66667,32.11,42264.66667,104.2,42264.66667,6.66
42265.66667,540.26,42265.66667,31.09,42265.66667,102.84,42265.66667,6.68
42268.66667,548.39,42268.66667,31.06,42268.66667,103.41,42268.66667,6.54
42269.66667,538.4,42269.66667,30.39,42269.66667,102.49,42269.66667,6.61
42270.66667,536.07,42270.66667,29.92,42270.66667,101.57,42270.66667,6.67
42271.66667,533.75,42271.66667,30.16,42271.66667,100.62,42271.66667,6.34
42272.66667,524.25,42272.66667,30.43,42272.66667,100.3,42272.66667,6.27
42275.66667,504.06,42275.66667,29.38,42275.66667,98.49,42275.66667,5.86
42276.66667,496.07,42276.66667,29.63,42276.66667,99.42,42276.66667,5.5
42277.66667,511.89,42277.66667,30.56,42277.66667,102.2,42277.66667,5.49
42278.66667,520.72,42278.66667,30.96,42278.66667,102.67,42278.66667,5.43
42279.66667,532.54,42279.66667,32.52,42279.66667,103,42279.66667,5.43
42282.66667,543.68,42282.66667,33.49,42282.66667,103.85,42282.66667,5.68
42283.66667,537.48,42283.66667,34.31,42283.66667,103.77,42283.66667,5.7
42284.66667,541.94,42284.66667,35.71,42284.66667,103.39,42284.66667,5.79
42285.66667,533.16,42285.66667,35.96,42285.66667,104.61,42285.66667,5.87
42286.66667,539.8,42286.66667,35.96,42286.66667,105.56,42286.66667,5.86
42289.66667,550.19,42289.66667,35.37,42289.66667,106.35,42289.66667,5.82
42290.66667,548.9,42290.66667,34.73,42290.66667,106.59,42290.66667,5.65
42291.66667,544.83,42291.66667,35.32,42291.66667,105.73,42291.66667,5.58
42292.66667,562.44,42292.66667,35.68,42292.66667,107.89,42292.66667,5.68
42293.66667,570.76,42293.66667,35.86,42293.66667,108.24,42293.66667,5.68
42296.66667,573.15,42296.66667,34.94,42296.66667,109.47,42296.66667,5.71
42297.66667,560.88,42297.66667,34.97,42297.66667,109.84,42297.66667,5.83
42298.66667,555.77,42298.66667,35.14,42298.66667,110.09,42298.66667,5.89
42299.66667,563.91,42299.66667,35.92,42299.66667,113.25,42299.66667,5.89
42300.66667,599.03,42300.66667,35.72,42300.66667,113.09,42300.66667,5.93
42303.66667,608.61,42303.66667,35.05,42303.66667,113.52,42303.66667,6.01
42304.66667,611.01,42304.66667,34.82,42304.66667,113.77,42304.66667,5.78
42305.66667,617.1,42305.66667,35.74,42305.66667,114.34,42305.66667,5.86
42306.66667,626.55,42306.66667,35.71,42306.66667,115.04,42306.66667,5.78
42307.66667,625.9,42307.66667,35.7,42307.66667,113.74,42307.66667,5.68
42310.66667,628.35,42310.66667,36.28,42310.66667,115.04,42310.66667,5.81
42311.66667,625.31,42311.66667,37.23,42311.66667,115.54,42311.66667,5.9
42312.66667,640.95,42312.66667,36.36,42312.66667,113.25,42312.66667,5.65
42313.66667,655.65,42313.66667,35.55,42313.66667,113,42313.66667,5.62
42314.66667,659.37,42314.66667,35.13,42314.66667,115.67,42314.66667,5.59
42317.66667,655.49,42317.66667,34.88,42317.66667,116.42,42317.66667,5.48
42318.66667,659.68,42318.66667,34.77,42318.66667,117.42,42318.66667,5.61
42319.66667,673.25,42319.66667,34.39,42319.66667,116.52,42319.66667,5.6
42320.66667,665.6,42320.66667,33.5,42320.66667,116.21,42320.66667,5.52
42321.66667,642.35,42321.66667,33.38,42321.66667,114.84,42321.66667,5.52
42324.66667,647.81,42324.66667,34.48,42324.66667,115.92,42324.66667,5.59
42325.66667,643.3,42325.66667,34.18,42325.66667,116.13,42325.66667,5.56
42326.66667,663.54,42326.66667,35.1,42326.66667,118.14,42326.66667,5.67
42327.66667,661.27,42327.66667,35.25,42327.66667,118.71,42327.66667,5.75
42328.66667,668.45,42328.66667,34.43,42328.66667,120.07,42328.66667,5.78
42331.66667,678.99,42331.66667,34.42,42331.66667,119.42,42331.66667,5.79
42332.66667,671.15,42332.66667,34.99,42332.66667,117.95,42332.66667,5.9
42333.66667,675.34,42333.66667,34.99,42333.66667,118.67,42333.66667,5.82
42335.66667,673.26,42335.66667,34.83,42335.66667,115.13,42335.66667,5.91
42338.66667,664.8,42338.66667,34.6,42338.66667,113.47,42338.66667,5.8
42339.66667,679.06,42339.66667,34.77,42339.66667,115.39,42339.66667,5.78
42340.66667,676.01,42340.66667,33.82,42340.66667,114,42340.66667,5.64
42341.66667,666.25,42341.66667,33.26,42341.66667,111.89,42341.66667,5.6
42342.66667,672.64,42342.66667,32.67,42342.66667,114.24,42342.66667,5.59
42345.66667,669.83,42345.66667,31.26,42345.66667,113.83,42345.66667,5.55
42346.66667,677.33,42346.66667,31.27,42346.66667,112.48,42346.66667,5.45
42347.66667,664.79,42347.66667,31.81,42347.66667,111.47,42347.66667,5.45
42348.66667,662.32,42348.66667,31.8,42348.66667,110.76,42348.66667,5.46
42349.66667,640.15,42349.66667,30.79,42349.66667,108.04,42349.66667,5.36
42352.66667,657.91,42352.66667,30.22,42352.66667,109.35,42352.66667,4.99
42353.66667,658.64,42353.66667,30.75,42353.66667,112.16,42353.66667,5.13
42354.66667,675.77,42354.66667,30.87,42354.66667,113.79,42354.66667,5.29
42355.66667,670.65,42355.66667,30.35,42355.66667,112.01,42355.66667,5.49
42356.66667,664.14,42356.66667,30.15,42356.66667,107.72,42356.66667,5.67
42359.66667,664.51,42359.66667,30.13,42359.66667,106.59,42359.66667,5.81
42360.66667,663.15,42360.66667,30.79,42360.66667,106.74,42360.66667,5.85
42361.66667,663.7,42361.66667,32.35,42361.66667,105.56,42361.66667,5.64
42362.66667,662.79,42362.66667,32.12,42362.66667,105.86,42362.66667,5.62
42366.66667,675.2,42366.66667,31.71,42366.66667,107.25,42366.66667,5.55
42367.66667,693.97,42367.66667,31.87,42367.66667,107.08,42367.66667,5.53
42368.66667,689.07,42368.66667,31.31,42368.66667,106.34,42368.66667,5.47
42369.66667,675.89,42369.66667,31.26,42369.66667,105.08,42369.66667,5.33
42373.66667,636.99,42373.66667,31.06,42373.66667,102.98,42373.66667,5.35
42374.66667,633.79,42374.66667,30.93,42374.66667,100.9,42374.66667,5.48
42375.66667,632.65,42375.66667,30.3,42375.66667,100.36,42375.66667,5.51
42376.66667,607.94,42376.66667,29.43,42376.66667,99.5,42376.66667,5.31
42377.66667,607.05,42377.66667,28.91,42377.66667,99.25,42377.66667,5.27
42380.66667,617.74,42380.66667,28.84,42380.66667,99.92,42380.66667,5.21
42381.66667,617.89,42381.66667,28.65,42381.66667,101.46,42381.66667,5.14
42382.66667,581.81,42382.66667,28.77,42382.66667,98.48,42382.66667,4.87
42383.66667,593,42383.66667,30.83,42383.66667,99.11,42383.66667,4.87
42384.66667,570.18,42384.66667,29.16,42384.66667,93.9,42384.66667,4.64
42388.66667,574.48,42388.66667,28.92,42388.66667,93.97,42388.66667,4.3
42389.66667,571.77,42389.66667,28.46,42389.66667,92.54,42389.66667,4.31
42390.66667,575.02,42390.66667,29.46,42390.66667,94.02,42390.66667,4.34
42391.66667,596.38,42391.66667,30.35,42391.66667,96.9,42391.66667,4.59
42394.66667,596.53,42394.66667,29.47,42394.66667,95.29,42394.66667,4.43
42395.66667,601.25,42395.66667,30.74,42395.66667,96.27,42395.66667,4.67
42396.66667,583.35,42396.66667,30.68,42396.66667,94.32,42396.66667,4.58
42397.66667,635.35,42397.66667,31.89,42397.66667,93.53,42397.66667,4.63
42398.66667,587,42398.66667,32.37,42398.66667,95.82,42398.66667,4.84
42401.66667,574.81,42401.66667,31.7,42401.66667,95.15,42401.66667,4.77
42402.66667,552.1,42402.66667,29.02,42402.66667,93.12,42402.66667,4.71
42403.66667,531.07,42403.66667,29.66,42403.66667,95.14,42403.66667,4.81
42404.66667,536.26,42404.66667,30.61,42404.66667,95.43,42404.66667,4.86
42405.66667,502.13,42405.66667,30.46,42405.66667,93.9,42405.66667,4.8
42408.66667,488.1,42408.66667,29.92,42408.66667,92.12,42408.66667,4.76
42409.66667,482.07,42409.66667,28.95,42409.66667,92.32,42409.66667,4.61
42410.66667,490.48,42410.66667,28.04,42410.66667,88.85,42410.66667,4.59
42411.66667,503.82,42411.66667,27.64,42411.66667,90.31,42411.66667,4.47
42412.66667,507.08,42412.66667,29.02,42412.66667,91.15,42412.66667,4.61
42416.66667,521.1,42416.66667,29.06,42416.66667,92.91,42416.66667,4.78
42417.66667,534.1,42417.66667,29.95,42417.66667,95.5,42417.66667,4.85
42418.66667,525,42418.66667,29.78,42418.66667,95.17,42418.66667,4.88
42419.66667,534.9,42419.66667,29.75,42419.66667,95.01,42419.66667,4.87
42422.66667,559.5,42422.66667,30.3,42422.66667,96.37,42422.66667,4.97
42423.66667,552.94,42423.66667,29,42423.66667,95.38,42423.66667,5.08
42424.66667,554.04,42424.66667,28.54,42424.66667,95.43,42424.66667,4.06
42425.66667,555.15,42425.66667,28.66,42425.66667,95.65,42425.66667,4.16
42426.66667,555.23,42426.66667,29,42426.66667,95.31,42426.66667,3.98
42429.66667,552.52,42429.66667,29.09,42429.66667,95.52,42429.66667,4.18
42430.66667,579.04,42430.66667,29.63,42430.66667,97.65,42430.66667,4.21
42431.66667,580.21,42431.66667,30.21,42431.66667,97,42431.66667,4.26
42432.66667,577.49,42432.66667,30.87,42432.66667,98.82,42432.66667,4.45
42433.66667,575.14,42433.66667,31.15,42433.66667,98.48,42433.66667,4.54
42436.66667,562.8,42436.66667,31.5,42436.66667,99.39,42436.66667,4.66
42437.66667,560.26,42437.66667,30.07,42437.66667,97.82,42437.66667,4.49
42438.66667,559.47,42438.66667,30.3,42438.66667,97.66,42438.66667,4.48
42439.66667,558.93,42439.66667,29.83,42439.66667,97.04,42439.66667,4.39
42440.66667,569.61,42440.66667,30.55,42440.66667,97.94,42440.66667,4.47
42443.66667,573.37,42443.66667,29.95,42443.66667,98.81,42443.66667,4.52
42444.66667,577.02,42444.66667,29.64,42444.66667,98.24,42444.66667,4.44
42445.66667,574.27,42445.66667,30.51,42445.66667,98.44,42445.66667,4.49
42446.66667,559.44,42446.66667,31.54,42446.66667,99.6,42446.66667,4.75
42447.66667,552.08,42447.66667,31.33,42447.66667,99.2,42447.66667,4.67
42450.66667,553.98,42450.66667,31.12,42450.66667,98.46,42450.66667,5.03
42451.66667,560.48,42451.66667,30.94,42451.66667,97.58,42451.66667,5.01
42452.66667,569.63,42452.66667,30.2,42452.66667,96.83,42452.66667,4.58
42453.66667,582.95,42453.66667,30.42,42453.66667,97.22,42453.66667,4.5
42457.66667,579.87,42457.66667,30.42,42457.66667,98.09,42457.66667,4.57
42458.66667,593.86,42458.66667,30.35,42458.66667,98.16,42458.66667,4.7
42459.66667,598.69,42459.66667,30.93,42459.66667,98.91,42459.66667,4.71
42460.66667,593.64,42460.66667,30.18,42460.66667,99.31,42460.66667,4.74
42461.66667,598.5,42461.66667,29.57,42461.66667,99.07,42461.66667,4.71
42464.66667,593.19,42464.66667,29.58,42464.66667,98.68,42464.66667,4.65
42465.66667,586.14,42465.66667,28.93,42465.66667,97,42465.66667,4.67
42466.66667,602.08,42466.66667,29.3,42466.66667,97.48,42466.66667,4.68
42467.66667,591.43,42467.66667,29.13,42467.66667,96.16,42467.66667,4.65
42468.66667,594.6,42468.66667,30.15,42468.66667,96.42,42468.66667,4.64
42471.66667,595.93,42471.66667,30.31,42471.66667,96.27,42471.66667,4.76
42472.66667,603.17,42472.66667,31.2,42472.66667,97.35,42472.66667,4.85
42473.66667,614.82,42473.66667,31.38,42473.66667,99.48,42473.66667,4.92
42474.66667,620.75,42474.66667,30.92,42474.66667,98.63,42474.66667,4.91
42475.66667,625.89,42475.66667,30.65,42475.66667,98.59,42475.66667,4.91
42478.66667,635.35,42478.66667,31.06,42478.66667,101.48,42478.66667,4.92
42479.66667,627.9,42479.66667,31.76,42479.66667,102.64,42479.66667,4.97
42480.66667,632.99,42480.66667,31.86,42480.66667,103.27,42480.66667,5.04
42481.66667,631,42481.66667,31.74,42481.66667,102.91,42481.66667,5.01
42482.66667,620.5,42482.66667,32.15,42482.66667,103.77,42482.66667,5.06
42485.66667,626.2,42485.66667,31.79,42485.66667,104.57,42485.66667,5.06
42486.66667,616.88,42486.66667,33.49,42486.66667,104.89,42486.66667,5.2
42487.66667,606.57,42487.66667,33.84,42487.66667,105.28,42487.66667,5.2
42488.66667,602,42488.66667,33.49,42488.66667,104.03,42488.66667,5.17
42489.66667,659.59,42489.66667,33.58,42489.66667,103.26,42489.66667,5.2
42492.66667,683.85,42492.66667,33.62,42492.66667,104.36,42492.66667,5.14
42493.66667,671.32,42493.66667,32.56,42493.66667,103.78,42493.66667,5.07
42494.66667,670.9,42494.66667,31.42,42494.66667,103.67,42494.66667,5.22
42495.66667,659.09,42495.66667,31.58,42495.66667,104.93,42495.66667,5.36
42496.66667,673.95,42496.66667,31.58,42496.66667,105.54,42496.66667,5.52
42499.66667,679.75,42499.66667,31.08,42499.66667,105.34,42499.66667,5.7
42500.66667,703.07,42500.66667,31.68,42500.66667,106.6,42500.66667,5.71
42501.66667,713.23,42501.66667,31.67,42501.66667,102.29,42501.66667,5.71
42502.66667,717.93,42502.66667,31.86,42502.66667,101.71,42502.66667,5.69
42503.66667,709.92,42503.66667,31.47,42503.66667,100.52,42503.66667,5.67
42506.66667,710.66,42506.66667,32.06,42506.66667,100.36,42506.66667,5.69
42507.66667,695.27,42507.66667,32.22,42507.66667,99.94,42507.66667,5.64
42508.66667,697.45,42508.66667,32.13,42508.66667,99,42508.66667,5.56
42509.66667,698.52,42509.66667,31.98,42509.66667,98.41,42509.66667,5.6
42510.66667,702.8,42510.66667,31.93,42510.66667,99.78,42510.66667,5.58
42513.66667,696.75,42513.66667,31.46,42513.66667,99.18,42513.66667,5.65
42514.66667,704.2,42514.66667,31.84,42514.66667,99.51,42514.66667,5.72
42515.66667,708.35,42515.66667,32.86,42515.66667,99.86,42515.66667,5.75
42516.66667,714.91,42516.66667,32.6,42516.66667,99.81,42516.66667,5.77
42517.66667,712.24,42517.66667,32.36,42517.66667,100.29,42517.66667,5.81
42521.66667,722.79,42521.66667,31.4,42521.66667,99.22,42521.66667,5.95
42522.66667,719.44,42522.66667,31.34,42522.66667,98.52,42522.66667,5.99
42523.66667,728.24,42523.66667,31.52,42523.66667,98.72,42523.66667,6.11
42524.66667,725.54,42524.66667,31.88,42524.66667,98.75,42524.66667,6.09
42527.66667,726.73,42527.66667,32.53,42527.66667,98.78,42527.66667,6.1
42528.66667,723.74,42528.66667,33.07,42528.66667,98.35,42528.66667,6.14
42529.66667,726.64,42529.66667,33.27,42529.66667,98.04,42529.66667,6.29
42530.66667,727.65,42530.66667,33.04,42530.66667,97.84,42530.66667,6.34
42531.66667,717.91,42531.66667,32.22,42531.66667,97.34,42531.66667,6.33
42534.66667,715.24,42534.66667,31.86,42534.66667,97.57,42534.66667,6.27
42535.66667,719.3,42535.66667,30.93,42535.66667,98.4,42535.66667,6.26
42536.66667,714.26,42536.66667,31.15,42536.66667,98.27,42536.66667,6.34
42537.66667,717.51,42537.66667,32.03,42537.66667,98.38,42537.66667,6.39
42538.66667,706.39,42538.66667,32.75,42538.66667,99,42538.66667,6.54
42541.66667,714.01,42541.66667,33.42,42541.66667,99.57,42541.66667,6.62
42542.66667,715.82,42542.66667,34.15,42542.66667,98.82,42542.66667,6.61
42543.66667,710.6,42543.66667,33.89,42543.66667,98.79,42543.66667,6.29
42544.66667,722.08,42544.66667,34.63,42544.66667,99.02,42544.66667,5.99
42545.66667,698.96,42545.66667,32.98,42545.66667,95.72,42545.66667,5.96
42548.66667,691.36,42548.66667,31.99,42548.66667,94.38,42548.66667,5.81
42549.66667,707.95,42549.66667,33.24,42549.66667,96.05,42549.66667,5.98
42550.66667,715.6,42550.66667,34.79,42550.66667,96.98,42550.66667,6.1
42551.66667,715.62,42551.66667,35.51,42551.66667,97.82,42551.66667,6.1
42552.66667,725.68,42552.66667,36,42552.66667,98.03,42552.66667,6.1
42556.66667,728.1,42556.66667,35.9,42556.66667,97.66,42556.66667,6
42557.66667,737.61,42557.66667,35.57,42557.66667,98.45,42557.66667,6.11
42558.66667,736.57,42558.66667,35.4,42558.66667,98.41,42558.66667,6.03
42559.66667,745.81,42559.66667,35.92,42559.66667,99.62,42559.66667,6.07
42562.66667,753.78,42562.66667,36.11,42562.66667,99.98,42562.66667,6.16
42563.66667,748.21,42563.66667,36.91,42563.66667,100.2,42563.66667,6.23
42564.66667,742.63,42564.66667,36.56,42564.66667,99.88,42564.66667,6.24
42565.66667,741.2,42565.66667,36.56,42565.66667,99.97,42565.66667,6.22
42566.66667,735.44,42566.66667,36.56,42566.66667,99.8,42566.66667,6.24
42569.66667,736.07,42569.66667,36.17,42569.66667,100.15,42569.66667,6.28
42570.66667,739.95,42570.66667,36.03,42570.66667,99.47,42570.66667,6.3
42571.66667,745.72,42571.66667,35.96,42571.66667,98.22,42571.66667,6.41
42572.66667,744.43,42572.66667,35.84,42572.66667,98.01,42572.66667,6.37
42573.66667,744.86,42573.66667,35.87,42573.66667,97.71,42573.66667,6.41
42576.66667,739.61,42576.66667,34.9,42576.66667,97.39,42576.66667,6.44
42577.66667,735.59,42577.66667,34.59,42577.66667,96.69,42577.66667,6.46
42578.66667,736.67,42578.66667,34.57,42578.66667,96.33,42578.66667,6.52
42579.66667,752.61,42579.66667,33.99,42579.66667,95.91,42579.66667,6.52
42580.66667,758.81,42580.66667,34.4,42580.66667,95.95,42580.66667,6.54
42583.66667,767.74,42583.66667,33.18,42583.66667,95.54,42583.66667,6.55
42584.66667,760.58,42584.66667,33.45,42584.66667,95.01,42584.66667,6.48
42585.66667,754.64,42585.66667,33.01,42585.66667,96.09,42585.66667,6.12
42586.66667,760.77,42586.66667,33,42586.66667,95.16,42586.66667,6.13
42587.66667,765.98,42587.66667,33.15,42587.66667,95.83,42587.66667,6.34
42590.66667,766.56,42590.66667,33.17,42590.66667,95.75,42590.66667,6.34
42591.66667,768.31,42591.66667,33.38,42591.66667,96.67,42591.66667,6.4
42592.66667,768.56,42592.66667,33.01,42592.66667,97.86,42592.66667,6.38
42593.66667,771.24,42593.66667,33.64,42593.66667,97.77,42593.66667,6.38
42594.66667,772.56,42594.66667,33.74,42594.66667,96.84,42594.66667,6.4
42597.66667,768.49,42597.66667,33.87,42597.66667,97.1,42597.66667,6.4
42598.66667,764.04,42598.66667,34.21,42598.66667,96.88,42598.66667,6.34
42599.66667,764.63,42599.66667,34.2,42599.66667,96.87,42599.66667,6.24
42600.66667,764.46,42600.66667,34.65,42600.66667,96.65,42600.66667,6.03
42601.66667,757.31,42601.66667,34.33,42601.66667,96.39,42601.66667,5.98
42604.66667,759.48,42604.66667,33.96,42604.66667,95.87,42604.66667,6.01
42605.66667,762.45,42605.66667,34.13,42605.66667,95.97,42605.66667,6.12
42606.66667,757.25,42606.66667,34.27,42606.66667,95.82,42606.66667,6.03
42607.66667,759.22,42607.66667,34.22,42607.66667,95.55,42607.66667,6.03
42608.66667,769,42608.66667,34.16,42608.66667,95.21,42608.66667,5.96
42611.66667,771.29,42611.66667,34.24,42611.66667,94.87,42611.66667,6
42612.66667,767.58,42612.66667,34.1,42612.66667,94.86,42612.66667,5.99
42613.66667,769.16,42613.66667,33.86,42613.66667,94.46,42613.66667,6.04
42614.66667,770.62,42614.66667,33.66,42614.66667,94.26,42614.66667,5.98
42615.66667,772.44,42615.66667,34.5,42615.66667,94.42,42615.66667,6.05
42619.66667,788.87,42619.66667,34.69,42619.66667,93.8,42619.66667,6.07
42620.66667,784.48,42620.66667,34.76,42620.66667,93.71,42620.66667,6.17
42621.66667,784.06,42621.66667,35.08,42621.66667,94.09,42621.66667,6.2
42622.66667,760.14,42622.66667,34.35,42622.66667,92.42,42622.66667,5.9
42625.66667,771.49,42625.66667,34.63,42625.66667,93.64,42625.66667,5.98
42626.66667,761.01,42626.66667,33.5,42626.66667,92.7,42626.66667,5.87
42627.66667,761.09,42627.66667,33.32,42627.66667,92.26,42627.66667,5.88
42628.66667,769.69,42628.66667,33.61,42628.66667,92.5,42628.66667,5.96
42629.66667,778.52,42629.66667,33.31,42629.66667,92.56,42629.66667,5.92
42632.66667,775.1,42632.66667,33.44,42632.66667,92.63,42632.66667,6.12
42633.66667,780.22,42633.66667,33.07,42633.66667,92.95,42633.66667,6.13
42634.66667,789.74,42634.66667,33.61,42634.66667,92.39,42634.66667,6.19
42635.66667,804.7,42635.66667,34.26,42635.66667,93.41,42635.66667,6.15
42636.66667,805.75,42636.66667,33.96,42636.66667,93.27,42636.66667,6.04
42639.66667,799.16,42639.66667,33.68,42639.66667,91.96,42639.66667,5.96
42640.66667,816.11,42640.66667,33.61,42640.66667,91.72,42640.66667,5.96
42641.66667,828.72,42641.66667,34.84,42641.66667,92.2,42641.66667,6
42642.66667,829.05,42642.66667,35.06,42642.66667,91.8,42642.66667,6.01
42643.66667,837.31,42643.66667,35.16,42643.66667,92.86,42643.66667,6.02
42646.66667,836.74,42646.66667,35.47,42646.66667,92.49,42646.66667,5.96
42647.66667,834.03,42647.66667,35.68,42647.66667,92.59,42647.66667,5.84
42648.66667,844.36,42648.66667,36.03,42648.66667,92.45,42648.66667,5.8
42649.66667,841.66,42649.66667,35.95,42649.66667,92.83,42649.66667,5.7
42650.66667,839.43,42650.66667,36.17,42650.66667,92.49,42650.66667,5.71
42653.66667,841.71,42653.66667,36.67,42653.66667,92.49,42653.66667,5.8
42654.66667,831,42654.66667,35.78,42654.66667,91.86,42654.66667,5.78
42655.66667,834.09,42655.66667,35.79,42655.66667,91.41,42655.66667,5.87
42656.66667,829.28,42656.66667,35.68,42656.66667,91.12,42656.66667,5.9
42657.66667,822.96,42657.66667,35.84,42657.66667,91.3,42657.66667,5.88
42660.66667,812.95,42660.66667,35.5,42660.66667,90.83,42660.66667,5.83
42661.66667,817.65,42661.66667,35.98,42661.66667,91.17,42661.66667,5.87
42662.66667,817.69,42662.66667,36.05,42662.66667,91.93,42662.66667,5.99
42663.66667,810.32,42663.66667,36.05,42663.66667,92.03,42663.66667,6
42664.66667,818.99,42664.66667,36.25,42664.66667,93.03,42664.66667,6.03
42667.66667,838.09,42667.66667,35.87,42667.66667,93.37,42667.66667,6.05
42668.66667,835.18,42668.66667,36.04,42668.66667,92.75,42668.66667,6.03
42669.66667,822.59,42669.66667,35.85,42669.66667,93.49,42669.66667,5.96
42670.66667,818.36,42670.66667,36,42670.66667,94.02,42670.66667,5.89
42671.66667,776.32,42671.66667,35.68,42671.66667,93.85,42671.66667,5.89
42674.66667,789.82,42674.66667,35.55,42674.66667,92.69,42674.66667,5.91
42675.66667,785.41,42675.66667,34.11,42675.66667,92.39,42675.66667,5.77
42676.66667,765.56,42676.66667,34.01,42676.66667,91.91,42676.66667,5.91
42677.66667,767.03,42677.66667,33.84,42677.66667,93.37,42677.66667,5.94
42678.66667,755.05,42678.66667,33.54,42678.66667,92.45,42678.66667,6.01
42681.66667,784.93,42681.66667,34.02,42681.66667,94.43,42681.66667,6.09
42682.66667,787.75,42682.66667,33.48,42682.66667,94.38,42682.66667,6.22
42683.66667,771.88,42683.66667,33.84,42683.66667,94.64,42683.66667,6.29
42684.66667,742.38,42684.66667,33.94,42684.66667,94.96,42684.66667,6.23
42685.66667,739.01,42685.66667,33.18,42685.66667,97.68,42685.66667,6.3
42688.66667,719.07,42688.66667,32.98,42688.66667,97.92,42688.66667,6.39
42689.66667,743.24,42689.66667,33.61,42689.66667,97.7,42689.66667,6.5
42690.66667,746.49,42690.66667,33.3,42690.66667,99.12,42690.66667,6.49
42691.66667,756.4,42691.66667,33.5,42691.66667,99.37,42691.66667,6.48
42692.66667,760.16,42692.66667,33.64,42692.66667,98.24,42692.66667,6.57
42695.66667,780,42695.66667,34.4,42695.66667,97.63,42695.66667,6.61
42696.66667,785.33,42696.66667,34.54,42696.66667,97.71,42696.66667,6.66
42697.66667,780.12,42697.66667,34.4,42697.66667,98.26,42697.66667,6.64
42699.66667,780.37,42699.66667,34.27,42699.66667,98.82,42699.66667,6.65
42702.66667,766.77,42702.66667,33.72,42702.66667,98.97,42702.66667,6.65
42703.66667,762.52,42703.66667,33.52,42703.66667,99.67,42703.66667,6.69
42704.66667,750.57,42704.66667,35.01,42704.66667,99.12,42704.66667,6.68
42705.66667,743.65,42705.66667,35.39,42705.66667,98.94,42705.66667,6.53
42706.66667,740.34,42706.66667,35.48,42706.66667,98.5,42706.66667,6.51
42709.66667,759.36,42709.66667,35.48,42709.66667,99.96,42709.66667,6.72
42710.66667,764.72,42710.66667,35.57,42710.66667,100.66,42710.66667,6.81
42711.66667,770.42,42711.66667,35.89,42711.66667,101.99,42711.66667,6.88
42712.66667,767.33,42712.66667,36.19,42712.66667,103.38,42712.66667,6.91
42713.66667,768.66,42713.66667,36.01,42713.66667,104.86,42713.66667,6.95
42716.66667,760.12,42716.66667,36.51,42716.66667,104.06,42716.66667,6.9
42717.66667,774.34,42717.66667,36.79,42717.66667,103.85,42717.66667,6.74
42718.66667,768.82,42718.66667,36.02,42718.66667,104.05,42718.66667,6.72
42719.66667,761,42719.66667,35.85,42719.66667,104.39,42719.66667,6.51
42720.66667,757.77,42720.66667,36.59,42720.66667,103.91,42720.66667,6.76
42723.66667,766,42723.66667,36.56,42723.66667,105.3,42723.66667,6.92
42724.66667,771.22,42724.66667,36.52,42724.66667,105.46,42724.66667,6.94
42725.66667,770.6,42725.66667,36.78,42725.66667,105.56,42725.66667,6.88
42726.66667,766.34,42726.66667,36.91,42726.66667,105.42,42726.66667,6.61
42727.66667,760.59,42727.66667,37.02,42727.66667,105.15,42727.66667,6.65
42731.66667,771.4,42731.66667,37.11,42731.66667,105.17,42731.66667,6.59
42732.66667,772.13,42732.66667,37.25,42732.66667,104.3,42732.66667,6.57
42733.66667,765.15,42733.66667,37.4,42733.66667,104.56,42733.66667,6.7
42734.66667,749.87,42734.66667,37.38,42734.66667,104.22,42734.66667,6.6
42738.66667,753.67,42738.66667,38,42738.66667,106.08,42738.66667,6.63
42739.66667,757.18,42739.66667,38.29,42739.66667,107.44,42739.66667,6.68
42740.66667,780.45,42740.66667,38.57,42740.66667,107.38,42740.66667,6.64
42741.66667,795.99,42741.66667,37.91,42741.66667,108.98,42741.66667,6.66
42744.66667,796.92,42744.66667,37.31,42744.66667,108.36,42744.66667,6.6
42745.66667,795.9,42745.66667,37.11,42745.66667,108.38,42745.66667,6.79
42746.66667,799.02,42746.66667,37.55,42746.66667,109.44,42746.66667,6.82
42747.66667,813.64,42747.66667,37.76,42747.66667,107.53,42747.66667,6.77
42748.66667,817.14,42748.66667,37.66,42748.66667,108.06,42748.66667,6.8
42752.66667,809.72,42752.66667,37.44,42752.66667,107.97,42752.66667,6.37
42753.66667,807.48,42753.66667,37.1,42753.66667,108.16,42753.66667,6.3
42754.66667,809.04,42754.66667,36.9,42754.66667,107.28,42754.66667,6.27
42755.66667,808.33,42755.66667,36.84,42755.66667,107.66,42755.66667,6.29
42758.66667,817.88,42758.66667,36.62,42758.66667,107.12,42758.66667,6.39
42759.66667,822.44,42759.66667,36.91,42759.66667,107.9,42759.66667,6.53
42760.66667,836.52,42760.66667,37.03,42760.66667,108.04,42760.66667,6.62
42761.66667,839.15,42761.66667,36.74,42761.66667,108.06,42761.66667,6.57
42762.66667,835.77,42762.66667,36.58,42762.66667,109.3,42762.66667,6.58
42765.66667,830.38,42765.66667,35.96,42765.66667,110.94,42765.66667,6.51
42766.66667,823.48,42766.66667,35.98,42766.66667,110.65,42766.66667,6.41
42767.66667,832.35,42767.66667,35.99,42767.66667,111.3,42767.66667,6.44
42768.66667,839.95,42768.66667,35.79,42768.66667,110.61,42768.66667,6.46
42769.66667,810.2,42769.66667,35.92,42769.66667,110.3,42769.66667,6.48
42772.66667,807.64,42772.66667,35.82,42772.66667,109.57,42772.66667,6.51
42773.66667,812.5,42773.66667,34.38,42773.66667,109,42773.66667,6.54
42774.66667,819.71,42774.66667,34.43,42774.66667,109,42774.66667,6.54
42775.66667,821.36,42775.66667,34.44,42775.66667,109.49,42775.66667,6.59
42776.66667,827.46,42776.66667,34.53,42776.66667,109.26,42776.66667,6.61
42779.66667,836.53,42779.66667,34.66,42779.66667,109.65,42779.66667,6.66
42780.66667,836.39,42780.66667,34.58,42780.66667,110.33,42780.66667,6.58
42781.66667,842.7,42781.66667,33.8,42781.66667,110.18,42781.66667,6.67
42782.66667,844.14,42782.66667,33.68,42782.66667,110.71,42782.66667,6.66
42783.66667,845.07,42783.66667,33.42,42783.66667,110.06,42783.66667,6.52
42787.66667,856.44,42787.66667,33.83,42787.66667,110.01,42787.66667,6.55
42788.66667,855.61,42788.66667,33.41,42788.66667,110.12,42788.66667,6.3
42789.66667,852.19,42789.66667,33.86,42789.66667,109.73,42789.66667,6.46
42790.66667,845.24,42790.66667,33.5,42790.66667,110.32,42790.66667,6.44
42793.66667,848.64,42793.66667,33.98,42793.66667,110.23,42793.66667,6.37
42794.66667,845.04,42794.66667,33.92,42794.66667,110.09,42794.66667,6.33
42795.66667,853.08,42795.66667,34.23,42795.66667,111.04,42795.66667,6.4
42796.66667,848.91,42796.66667,34.12,42796.66667,110.59,42796.66667,6.45
42797.66667,849.88,42797.66667,34.09,42797.66667,111.24,42797.66667,6.45
42800.66667,846.61,42800.66667,33.97,42800.66667,110.67,42800.66667,6.37
42801.66667,846.02,42801.66667,33.87,42801.66667,110.86,42801.66667,6.31
42802.66667,850.5,42802.66667,33.31,42802.66667,110.84,42802.66667,6.14
42803.66667,853,42803.66667,33.5,42803.66667,111.03,42803.66667,6.13
42804.66667,852.46,42804.66667,34.33,42804.66667,110.92,42804.66667,6.25
42807.66667,854.59,42807.66667,34.07,42807.66667,111.52,42807.66667,6.29
42808.66667,852.53,42808.66667,33.43,42808.66667,112.31,42808.66667,6.26
42809.66667,852.97,42809.66667,33.78,42809.66667,111.87,42809.66667,6.44
42810.66667,853.42,42810.66667,34.02,42810.66667,111.71,42810.66667,6.44
42811.66667,852.31,42811.66667,34.28,42811.66667,111.76,42811.66667,6.37
42814.66667,856.97,42814.66667,34.19,42814.66667,112.71,42814.66667,6.49
42815.66667,843.2,42815.66667,34.24,42815.66667,111.75,42815.66667,6.43
42816.66667,848.06,42816.66667,33.99,42816.66667,112.08,42816.66667,6.54
42817.66667,847.38,42817.66667,34.06,42817.66667,112.24,42817.66667,6.23
42818.66667,845.61,42818.66667,33.78,42818.66667,112.14,42818.66667,6.12
42821.66667,846.82,42821.66667,33.75,42821.66667,112.38,42821.66667,6.11
42822.66667,856,42822.66667,33.92,42822.66667,113.05,42822.66667,6.1
42823.66667,874.32,42823.66667,34.43,42823.66667,112.53,42823.66667,6.2
42824.66667,876.34,42824.66667,34.52,42824.66667,113.18,42824.66667,6.19
42825.66667,886.54,42825.66667,34.52,42825.66667,113.39,42825.66667,6.17
42828.66667,891.51,42828.66667,34.4,42828.66667,113.2,42828.66667,6.15
42829.66667,906.83,42829.66667,34.79,42829.66667,113.04,42829.66667,6.18
42830.66667,909.28,42830.66667,34.59,42830.66667,113,42830.66667,6.07
42831.66667,898.28,42831.66667,34.73,42831.66667,113.05,42831.66667,6.17
42832.66667,894.88,42832.66667,34.85,42832.66667,112.58,42832.66667,6.15
42835.66667,907.04,42835.66667,35.09,42835.66667,112.43,42835.66667,6.19
42836.66667,902.36,42836.66667,35.37,42836.66667,113.07,42836.66667,6.3
42837.66667,896.23,42837.66667,35.45,42837.66667,113.04,42837.66667,6.22
42838.66667,884.67,42838.66667,34.99,42838.66667,113.2,42838.66667,6.21
42842.66667,901.99,42842.66667,35.03,42842.66667,113.78,42842.66667,6.31
42843.66667,903.78,42843.66667,34.67,42843.66667,114.19,42843.66667,6.31
42844.66667,899.2,42844.66667,34.14,42844.66667,113.73,42844.66667,6.27
42845.66667,902.06,42845.66667,34.15,42845.66667,114.79,42845.66667,6.29
42846.66667,898.53,42846.66667,34,42846.66667,114.44,42846.66667,6.35
42849.66667,907.41,42849.66667,34.45,42849.66667,113.7,42849.66667,6.39
42850.66667,907.62,42850.66667,34.66,42850.66667,115.18,42850.66667,6.46
42851.66667,909.29,42851.66667,34.66,42851.66667,115.58,42851.66667,6.54
42852.66667,918.38,42852.66667,34.4,42852.66667,115.84,42852.66667,6.55
42853.66667,924.99,42853.66667,34.32,42853.66667,115.6,42853.66667,6.41
42856.66667,948.23,42856.66667,34.32,42856.66667,114.73,42856.66667,6.5
42857.66667,946.94,42857.66667,34.75,42857.66667,114.37,42857.66667,6.36
42858.66667,941.03,42858.66667,34.69,42858.66667,111.62,42858.66667,6.28
42859.66667,937.53,42859.66667,34.32,42859.66667,111.17,42859.66667,6.13
42860.66667,934.15,42860.66667,35.3,42860.66667,111.99,42860.66667,6.28
42863.66667,949.04,42863.66667,35.43,42863.66667,111.42,42863.66667,6.24
42864.66667,952.82,42864.66667,35.35,42864.66667,112.07,42864.66667,6.14
42865.66667,948.95,42865.66667,35.01,42865.66667,109.66,42865.66667,6.16
42866.66667,947.62,42866.66667,35.21,42866.66667,109.58,42866.66667,6.11
42867.66667,961.35,42867.66667,35.39,42867.66667,109.69,42867.66667,6.1
42870.66667,957.97,42870.66667,35.71,42870.66667,109.13,42870.66667,6.12
42871.66667,966.07,42871.66667,36.24,42871.66667,107.98,42871.66667,6.12
42872.66667,944.76,42872.66667,36.17,42872.66667,106.31,42872.66667,6.08
42873.66667,958.49,42873.66667,36.51,42873.66667,106.68,42873.66667,6.07
42874.66667,959.84,42874.66667,36.94,42874.66667,107.52,42874.66667,6.11
42877.66667,970.67,42877.66667,36.96,42877.66667,107.63,42877.66667,6.15
42878.66667,971.54,42878.66667,36.93,42878.66667,107.02,42878.66667,6.21
42879.66667,980.35,42879.66667,36.9,42879.66667,107.71,42879.66667,6.21
42880.66667,993.38,42880.66667,36.4,42880.66667,107.27,42880.66667,6.23
42881.66667,995.78,42881.66667,36.41,42881.66667,108.41,42881.66667,6.26
42885.66667,996.7,42885.66667,36.27,42885.66667,108.34,42885.66667,6.22
42886.66667,994.62,42886.66667,36.15,42886.66667,107.94,42886.66667,6.22
42887.66667,995.95,42887.66667,36.24,42887.66667,108.21,42887.66667,6.32
42888.66667,1006.73,42888.66667,35.91,42888.66667,107.18,42888.66667,6.36
42891.66667,1011.34,42891.66667,36.08,42891.66667,106.52,42891.66667,6.27
42892.66667,1003,42892.66667,36.24,42892.66667,105.5,42892.66667,6.27
42893.66667,1010.07,42893.66667,35.42,42893.66667,105.92,42893.66667,6.24
42894.66667,1010.27,42894.66667,35.41,42894.66667,104.32,42894.66667,6.39
42895.66667,978.31,42895.66667,35.83,42895.66667,105.62,42895.66667,6.43
42898.66667,964.91,42898.66667,35.81,42898.66667,107.04,42898.66667,6.46
42899.66667,980.79,42899.66667,36.03,42899.66667,106.56,42899.66667,6.45
42900.66667,976.47,42900.66667,35.37,42900.66667,106.14,42900.66667,6.48
42901.66667,964.17,42901.66667,35.24,42901.66667,105.98,42901.66667,6.52
42902.66667,987.71,42902.66667,36,42902.66667,105.51,42902.66667,6.59
42905.66667,995.17,42905.66667,36.04,42905.66667,105.37,42905.66667,6.62
42906.66667,992.59,42906.66667,34.98,42906.66667,103.94,42906.66667,6.59
42907.66667,1002.23,42907.66667,34.65,42907.66667,104.8,42907.66667,6.5
42908.66667,1001.3,42908.66667,34.6,42908.66667,104.22,42908.66667,6.35
42909.66667,1003.74,42909.66667,34.84,42909.66667,104.36,42909.66667,6.41
42912.66667,993.98,42912.66667,34.88,42912.66667,105.57,42912.66667,6.41
42913.66667,976.78,42913.66667,35.15,42913.66667,105.41,42913.66667,6.27
42914.66667,990.33,42914.66667,35.27,42914.66667,106.86,42914.66667,6.27
42915.66667,975.93,42915.66667,34.86,42915.66667,105.71,42915.66667,6.25
42916.66667,968,42916.66667,34.65,42916.66667,106.25,42916.66667,6.22
42919.66667,953.66,42919.66667,35.02,42919.66667,107.46,42919.66667,6.28
42921.66667,971.4,42921.66667,34.42,42921.66667,105.63,42921.66667,6.3
42922.66667,965.14,42922.66667,34.44,42922.66667,103.35,42922.66667,6.25
42923.66667,978.76,42923.66667,34.36,42923.66667,103.32,42923.66667,6.2
42926.66667,996.47,42926.66667,34.33,42926.66667,103.59,42926.66667,6.21
42927.66667,994.13,42927.66667,34.36,42927.66667,103.84,42927.66667,6.25
42928.66667,1006.51,42928.66667,34.87,42928.66667,104.38,42928.66667,6.28
42929.66667,1000.63,42929.66667,34.72,42929.66667,104.29,42929.66667,6.2
42930.66667,1001.81,42930.66667,34.95,42930.66667,105.09,42930.66667,6.24
42933.66667,1010.04,42933.66667,34.92,42933.66667,104.79,42933.66667,6.21
42934.66667,1024.45,42934.66667,34.83,42934.66667,105.75,42934.66667,6.22
42935.66667,1026.87,42935.66667,35.03,42935.66667,106.82,42935.66667,6.26
42936.66667,1028.7,42936.66667,35.1,42936.66667,107.36,42936.66667,6.34
42937.66667,1025.67,42937.66667,34.68,42937.66667,107.09,42937.66667,6.34
42940.66667,1038.95,42940.66667,34.46,42940.66667,107,42940.66667,6.3
42941.66667,1039.87,42941.66667,34.9,42941.66667,106.42,42941.66667,6.24
42942.66667,1052.8,42942.66667,34.84,42942.66667,106.94,42942.66667,6.27
42943.66667,1046,42943.66667,34.99,42943.66667,110,42943.66667,6.3
42944.66667,1020.04,42944.66667,35.16,42944.66667,109.96,42944.66667,6.28
42947.66667,987.78,42947.66667,35.14,42947.66667,109.93,42947.66667,6.32
42948.66667,996.19,42948.66667,36.27,42948.66667,110.61,42948.66667,6.3
42949.66667,995.89,42949.66667,36.4,42949.66667,108.67,42949.66667,6.29
42950.66667,986.92,42950.66667,36.14,42950.66667,109.12,42950.66667,6.28
42951.66667,987.58,42951.66667,36.33,42951.66667,107.69,42951.66667,6.11
42954.66667,992.27,42954.66667,36.75,42954.66667,106.35,42954.66667,6.1
42955.66667,989.84,42955.66667,36.54,42955.66667,106.98,42955.66667,6.17
42956.66667,982.01,42956.66667,36.16,42956.66667,102.83,42956.66667,6.19
42957.66667,956.92,42957.66667,35.47,42957.66667,101.35,42957.66667,6.18
42958.66667,967.99,42958.66667,34.94,42958.66667,101.99,42958.66667,6.19
42961.66667,983.3,42961.66667,34.68,42961.66667,101.4,42961.66667,6.26
42962.66667,982.74,42962.66667,34.57,42962.66667,101.51,42962.66667,6.21
42963.66667,978.18,42963.66667,34.29,42963.66667,102.2,42963.66667,6.21
42964.66667,960.57,42964.66667,34.1,42964.66667,101.38,42964.66667,6.21
42965.66667,958.47,42965.66667,34.16,42965.66667,100.7,42965.66667,6.25
42968.66667,953.29,42968.66667,34,42968.66667,101.17,42968.66667,6.24
42969.66667,966.9,42969.66667,34.15,42969.66667,102.77,42969.66667,6.33
42970.66667,958,42970.66667,34.24,42970.66667,101.5,42970.66667,6.26
42971.66667,952.45,42971.66667,34.18,42971.66667,101.52,42971.66667,6.25
42972.66667,945.26,42972.66667,34.54,42972.66667,102.41,42972.66667,6.25
42975.66667,946.02,42975.66667,34.47,42975.66667,102.56,42975.66667,6.28
42976.66667,954.06,42976.66667,34.37,42976.66667,102.57,42976.66667,6.2
42977.66667,967.59,42977.66667,34.37,42977.66667,102.87,42977.66667,6.22
42978.66667,980.6,42978.66667,34.73,42978.66667,101.2,42978.66667,6.26
42979.66667,978.25,42979.66667,34.77,42979.66667,101.5,42979.66667,6.32
42983.66667,965.27,42983.66667,34.95,42983.66667,101.6,42983.66667,6.23
42984.66667,967.8,42984.66667,35.32,42984.66667,101.5,42984.66667,6.24
42985.66667,979.47,42985.66667,35.5,42985.66667,97.06,42985.66667,6.19
42986.66667,965.9,42986.66667,35.32,42986.66667,97.07,42986.66667,6.18
42989.66667,977.96,42989.66667,35.56,42989.66667,97.09,42989.66667,6.25
42990.66667,982.58,42990.66667,35.75,42990.66667,97.89,42990.66667,6.27
42991.66667,999.6,42991.66667,35.99,42991.66667,98.82,42991.66667,6.22
42992.66667,992.21,42992.66667,36.33,42992.66667,97.9,42992.66667,6.29
42993.66667,986.79,42993.66667,36.58,42993.66667,98.52,42993.66667,6.38
42996.66667,974.19,42996.66667,36.65,42996.66667,98.1,42996.66667,6.4
42997.66667,969.86,42997.66667,36.95,42997.66667,98.43,42997.66667,6.41
42998.66667,973.21,42998.66667,37.23,42998.66667,99.21,42998.66667,6.34
42999.66667,964.65,42999.66667,37.7,42999.66667,98.89,42999.66667,6.38
43000.66667,955.1,43000.66667,37.82,43000.66667,98.6,43000.66667,6.2
43003.66667,939.79,43003.66667,38.24,43003.66667,99.57,43003.66667,6.21
43004.66667,938.6,43004.66667,37.87,43004.66667,98.63,43004.66667,6.16
43005.66667,950.87,43005.66667,38.02,43005.66667,99.24,43005.66667,6.17
43006.66667,956.4,43006.66667,38.42,43006.66667,98.05,43006.66667,6.18
43007.66667,961.35,43007.66667,38.43,43007.66667,98.57,43007.66667,6.15
43010.66667,959.19,43010.66667,38.39,43010.66667,99.86,43010.66667,6.21
43011.66667,957.1,43011.66667,38.7,43011.66667,100.79,43011.66667,6.28
43012.66667,965.45,43012.66667,38.65,43012.66667,100.55,43012.66667,6.28
43013.66667,980.85,43013.66667,38.61,43013.66667,100.11,43013.66667,6.32
43014.66667,989.58,43014.66667,38.26,43014.66667,100.07,43014.66667,6.24
43017.66667,990.99,43017.66667,38.46,43017.66667,99.57,43017.66667,6.21
43018.66667,987.2,43018.66667,38.81,43018.66667,99.58,43018.66667,6.22
43019.66667,995,43019.66667,38.85,43019.66667,98.55,43019.66667,6.23
43020.66667,1000.93,43020.66667,39.01,43020.66667,96.93,43020.66667,6.25
43021.66667,1002.94,43021.66667,39.1,43021.66667,97.38,43021.66667,6.28
43024.66667,1006.34,43024.66667,39.19,43024.66667,98.13,43024.66667,6.29
43025.66667,1009.13,43025.66667,38.69,43025.66667,98.36,43025.66667,6.27
43026.66667,997,43026.66667,38.72,43026.66667,98.25,43026.66667,6.29
43027.66667,986.61,43027.66667,38.75,43027.66667,99.01,43027.66667,6.27
43028.66667,982.91,43028.66667,38.75,43028.66667,99.4,43028.66667,6.25
43031.66667,966.3,43031.66667,38.79,43031.66667,98.7,43031.66667,6.22
43032.66667,975.9,43032.66667,39,43032.66667,98.29,43032.66667,6.2
43033.66667,972.91,43033.66667,38.79,43033.66667,97.8,43033.66667,6.16
43034.66667,972.43,43034.66667,38.65,43034.66667,98.56,43034.66667,6.07
43035.66667,1100.95,43035.66667,39.1,43035.66667,98.31,43035.66667,6.13
43038.66667,1110.85,43038.66667,39.62,43038.66667,98.04,43038.66667,6.03
43039.66667,1105.28,43039.66667,40.67,43039.66667,97.81,43039.66667,6.03
43040.66667,1103.68,43040.66667,40.76,43040.66667,99.03,43040.66667,6.05
43041.66667,1094.22,43041.66667,40.67,43041.66667,98.35,43041.66667,5.92
43042.66667,1111.6,43042.66667,40.56,43042.66667,98.64,43042.66667,6.28
43045.66667,1120.66,43045.66667,41.41,43045.66667,100.64,43045.66667,6.23
43046.66667,1123.17,43046.66667,41.48,43046.66667,101.61,43046.66667,6.27
43047.66667,1132.88,43047.66667,41.4,43047.66667,101.18,43047.66667,6.31
43048.66667,1129.13,43048.66667,40.72,43048.66667,102.68,43048.66667,6.28
43049.66667,1125.35,43049.66667,40.3,43049.66667,104.78,43049.66667,6.2
43052.66667,1129.17,43052.66667,39.88,43052.66667,104.74,43052.66667,6.25
43053.66667,1136.84,43053.66667,39.61,43053.66667,103.17,43053.66667,6.3
43054.66667,1126.69,43054.66667,39.09,43054.66667,103.69,43054.66667,6.28
43055.66667,1137.29,43055.66667,38.77,43055.66667,103.6,43055.66667,6.31
43056.66667,1129.88,43056.66667,39.09,43056.66667,103.44,43056.66667,6.33
43059.66667,1126.31,43059.66667,39,43059.66667,102.75,43059.66667,6.4
43060.66667,1139.49,43060.66667,39.13,43060.66667,103,43060.66667,6.49
43061.66667,1156.16,43061.66667,39.78,43061.66667,102.74,43061.66667,6.48
43063.54167,1186,43063.54167,40.05,43063.54167,102.64,43063.54167,6.47
43066.66667,1195.83,43066.66667,39.51,43066.66667,102.79,43066.66667,6.4
43067.66667,1193.6,43067.66667,39.9,43067.66667,103.41,43067.66667,6.39
43068.66667,1161.27,43068.66667,39.71,43068.66667,105.24,43068.66667,6.44
43069.66667,1176.75,43069.66667,40.07,43069.66667,104.82,43069.66667,6.4
43070.66667,1162.35,43070.66667,39.95,43070.66667,105.25,43070.66667,6.39
43073.66667,1133.95,43073.66667,39.91,43073.66667,110.22,43073.66667,6.42
43074.66667,1141.57,43074.66667,39.73,43074.66667,107.22,43074.66667,6.41
43075.66667,1152.35,43075.66667,39.58,43075.66667,105.46,43075.66667,6.41
43076.66667,1159.79,43076.66667,39.31,43076.66667,105.26,43076.66667,6.42
43077.66667,1162,43077.66667,39.64,43077.66667,104.23,43077.66667,6.4
43080.66667,1168.92,43080.66667,39.93,43080.66667,106.83,43080.66667,6.36
43081.66667,1165.08,43081.66667,40.66,43081.66667,107.43,43081.66667,6.37
43082.66667,1164.13,43082.66667,40.65,43082.66667,107.61,43082.66667,6.46
43083.66667,1174.26,43083.66667,40.63,43083.66667,110.57,43083.66667,6.41
43084.66667,1179.14,43084.66667,40.28,43084.66667,111.27,43084.66667,6.31
43087.66667,1190.58,43087.66667,40.84,43087.66667,111.03,43087.66667,6.3
43088.66667,1187.38,43088.66667,40.64,43088.66667,111.81,43088.66667,6.15
43089.66667,1177.62,43089.66667,40.95,43089.66667,109.69,43089.66667,6.19
43090.66667,1174.76,43090.66667,41.68,43090.66667,109.57,43090.66667,6.23
43091.66667,1168.36,43091.66667,41.29,43091.66667,108.67,43091.66667,6.23
43095.66667,1176.76,43095.66667,41.69,43095.66667,108.12,43095.66667,6.25
43096.66667,1182.26,43096.66667,41.72,43096.66667,107.64,43096.66667,6.24
43097.66667,1186.1,43097.66667,41.87,43097.66667,107.77,43097.66667,6.28
43098.66667,1169.47,43098.66667,42.03,43098.66667,107.51,43098.66667,6.17
43102.66667,1189.01,43102.66667,42.38,43102.66667,111.8,43102.66667,6.11
43103.66667,1204.2,43103.66667,42.87,43103.66667,112.28,43103.66667,6.04
43104.66667,1209.59,43104.66667,43.04,43104.66667,112.23,43104.66667,6.08
43105.66667,1229.14,43105.66667,43.1,43105.66667,111.62,43105.66667,6.13
43108.66667,1246.87,43108.66667,43.08,43108.66667,110.02,43108.66667,6.16
43109.66667,1252.7,43109.66667,42.87,43109.66667,109.94,43109.66667,6.12
43110.66667,1254.33,43110.66667,42.9,43110.66667,109.47,43110.66667,6.1
43111.66667,1276.68,43111.66667,43.27,43111.66667,110.99,43111.66667,6.14
43112.66667,1305.2,43112.66667,43.91,43112.66667,112.47,43112.66667,6.07
43116.66667,1304.86,43116.66667,42.46,43116.66667,110.69,43116.66667,6.02
43117.66667,1295,43117.66667,42.88,43117.66667,111.97,43117.66667,6.06
43118.66667,1293.32,43118.66667,42.9,43118.66667,110.42,43118.66667,6.01
43119.66667,1294.58,43119.66667,42.4,43119.66667,110.59,43119.66667,6.04
43122.66667,1327.31,43122.66667,43.39,43122.66667,111.1,43122.66667,6.02
43123.66667,1362.54,43123.66667,43.24,43123.66667,110.41,43123.66667,6.08
43124.66667,1357.51,43124.66667,43.94,43124.66667,110.5,43124.66667,6.07
43125.66667,1377.95,43125.66667,43.74,43125.66667,110.55,43125.66667,6.03
43126.66667,1402.05,43126.66667,43.81,43126.66667,112.19,43126.66667,6.01
43129.66667,1417.68,43129.66667,43.35,43129.66667,111.54,43129.66667,5.87
43130.66667,1437.82,43130.66667,42.81,43130.66667,110.11,43130.66667,5.83
43131.66667,1450.89,43131.66667,42.79,43131.66667,108.67,43131.66667,5.7
43132.66667,1390,43132.66667,43.36,43132.66667,110.49,43132.66667,5.63
43133.66667,1429.95,43133.66667,41.16,43133.66667,108.7,43133.66667,5.54
43136.66667,1390,43136.66667,39.78,43136.66667,104.7,43136.66667,5.5
43137.66667,1442.84,43137.66667,40.57,43137.66667,106.17,43137.66667,5.48
43138.66667,1416.78,43138.66667,40,43138.66667,104.76,43138.66667,5.52
43139.66667,1350.5,43139.66667,39.55,43139.66667,101.35,43139.66667,5.46
43140.66667,1339.6,43140.66667,39.11,43140.66667,103.09,43140.66667,5.45
43143.66667,1386.23,43143.66667,39.87,43143.66667,103.39,43143.66667,5.52
43144.66667,1414.51,43144.66667,39.69,43144.66667,104.12,43144.66667,5.57
43145.66667,1451.05,43145.66667,40.37,43145.66667,104.6,43145.66667,5.6
43146.66667,1461.76,43146.66667,39.84,43146.66667,105.18,43146.66667,5.71
43147.66667,1448.69,43147.66667,39.62,43147.66667,106.53,43147.66667,5.72
43151.66667,1468.35,43151.66667,39.52,43151.66667,105.98,43151.66667,5.54
43152.66667,1482.92,43152.66667,38.84,43152.66667,105.05,43152.66667,5.66
43153.66667,1485.34,43153.66667,39.25,43153.66667,105.24,43153.66667,5.65
43154.66667,1500,43154.66667,40.1,43154.66667,107.25,43154.66667,5.7
43157.66667,1521.95,43157.66667,40.29,43157.66667,109.81,43157.66667,5.76
43158.66667,1511.98,43158.66667,39.5,43158.66667,104.87,43158.66667,5.64
43159.66667,1512.45,43159.66667,38.86,43159.66667,103.16,43159.66667,5.51
43160.66667,1493.45,43160.66667,38.94,43160.66667,102.57,43160.66667,5.53
43161.66667,1500.25,43161.66667,38.7,43161.66667,102.99,43161.66667,5.64
43164.66667,1523.61,43164.66667,39.16,43164.66667,103.41,43164.66667,6.01
43165.66667,1537.64,43165.66667,39.55,43165.66667,104.94,43165.66667,6.05
43166.66667,1545,43166.66667,39.31,43166.66667,103.59,43166.66667,6.02
43167.66667,1551.86,43167.66667,39.46,43167.66667,104.03,43167.66667,5.97
43168.66667,1578.89,43168.66667,39.66,43168.66667,104.73,43168.66667,6
43171.66667,1598.39,43171.66667,39.85,43171.66667,105.17,43171.66667,6.05
43172.66667,1588.18,43172.66667,39.55,43172.66667,103.73,43172.66667,6.05
43173.66667,1591,43173.66667,38.87,43173.66667,103.9,43173.66667,6.06
43174.66667,1582.32,43174.66667,39.03,43174.66667,103.24,43174.66667,5.98
43175.66667,1571.68,43175.66667,39.48,43175.66667,102.87,43175.66667,6
43178.66667,1544.93,43178.66667,38.75,43178.66667,101.48,43178.66667,5.96
43179.66667,1586.51,43179.66667,39.04,43179.66667,101.35,43179.66667,5.94
43180.66667,1581.86,43180.66667,40.13,43180.66667,101.82,43180.66667,5.95
43181.66667,1544.92,43181.66667,39.03,43181.66667,100.6,43181.66667,5.95
43182.66667,1495.56,43182.66667,39.12,43182.66667,98.54,43182.66667,5.92
43185.66667,1555.86,43185.66667,40.42,43185.66667,100.65,43185.66667,5.99
43186.66667,1497.05,43186.66667,39.97,43186.66667,99.36,43186.66667,5.99
43187.66667,1431.42,43187.66667,39.6,43187.66667,98.54,43187.66667,5.88
43188.66667,1447.34,43188.66667,40.54,43188.66667,100.44,43188.66667,5.93
43192.66667,1371.99,43192.66667,39.91,43192.66667,98.66,43192.66667,5.83
43193.66667,1392.05,43193.66667,40.71,43193.66667,99.42,43193.66667,5.89
43194.66667,1410.57,43194.66667,41.03,43194.66667,100.95,43194.66667,5.95
43195.66667,1451.75,43195.66667,41.92,43195.66667,102.11,43195.66667,5.94
43196.66667,1405.23,43196.66667,41.76,43196.66667,100.35,43196.66667,5.95
43199.66667,1406.08,43199.66667,41.66,43199.66667,99.7,43199.66667,5.92
43200.66667,1436.22,43200.66667,42.78,43200.66667,101.37,43200.66667,5.95
43201.66667,1427.05,43201.66667,43.06,43201.66667,100.8,43201.66667,5.96
43202.66667,1448.5,43202.66667,43.06,43202.66667,100.39,43202.66667,5.93
43203.66667,1430.79,43203.66667,42.96,43203.66667,100.35,43203.66667,5.92
43206.66667,1441.5,43206.66667,42.72,43206.66667,100.24,43206.66667,5.96
43207.66667,1503.83,43207.66667,42.65,43207.66667,102.17,43207.66667,6.03
43208.66667,1527.84,43208.66667,43.53,43208.66667,101.21,43208.66667,6.04
43209.66667,1556.91,43209.66667,43.67,43209.66667,100.89,43209.66667,6.03
43210.66667,1527.49,43210.66667,43.5,43210.66667,100.24,43210.66667,6.02
43213.66667,1517.86,43213.66667,43.91,43213.66667,100.15,43213.66667,6
43214.66667,1460.09,43214.66667,44.24,43214.66667,99.46,43214.66667,6.03
43215.66667,1460.17,43215.66667,44.17,43215.66667,101.15,43215.66667,6.01
43216.66667,1517.96,43216.66667,44.85,43216.66667,99.84,43216.66667,6.05
43217.66667,1572.62,43217.66667,44.22,43217.66667,99.23,43217.66667,6.09
43220.66667,1566.13,43220.66667,44.59,43220.66667,100.33,43220.66667,6.06
43221.66667,1582.26,43221.66667,44.8,43221.66667,100.06,43221.66667,6.06
43222.66667,1569.68,43222.66667,44.7,43222.66667,99.62,43222.66667,5.99
43223.66667,1572.08,43223.66667,44.73,43223.66667,98.76,43223.66667,6.02
43224.66667,1580.95,43224.66667,45.34,43224.66667,101.15,43224.66667,6.18
43227.66667,1600.14,43227.66667,45.69,43227.66667,102.48,43227.66667,6.22
43228.66667,1592.39,43228.66667,45.33,43228.66667,101.79,43228.66667,6.18
43229.66667,1608,43229.66667,46.78,43229.66667,99.97,43229.66667,6.12
43230.66667,1609.08,43230.66667,45.88,43230.66667,101.68,43230.66667,6.15
43231.66667,1602.91,43231.66667,45.83,43231.66667,102.07,43231.66667,6.13
43234.66667,1601.54,43234.66667,46.4,43234.66667,102.44,43234.66667,6.1
43235.66667,1576.12,43235.66667,46.79,43235.66667,102.92,43235.66667,6.13
43236.66667,1587.28,43236.66667,46.71,43236.66667,105.04,43236.66667,6.17
43237.66667,1581.76,43237.66667,47.19,43237.66667,104.34,43237.66667,6.16
43238.66667,1574.37,43238.66667,47.38,43238.66667,103.93,43238.66667,6.19
43241.66667,1585.46,43241.66667,47.79,43241.66667,104.06,43241.66667,6.22
43242.66667,1581.4,43242.66667,47.09,43242.66667,104.07,43242.66667,6.23
43243.66667,1601.86,43243.66667,46.45,43243.66667,102.89,43243.66667,6.22
43244.66667,1603.07,43244.66667,45.75,43244.66667,102.11,43244.66667,6.2
43245.66667,1610.15,43245.66667,44.35,43245.66667,102.2,43245.66667,6.15
43249.66667,1612.87,43249.66667,44.54,43249.66667,99.69,43249.66667,6.17
43250.66667,1624.89,43250.66667,45.71,43250.66667,99.98,43250.66667,6.21
43251.66667,1629.62,43251.66667,45.82,43251.66667,99.47,43251.66667,6.16
43252.66667,1641.54,43252.66667,45.92,43252.66667,99.36,43252.66667,6.14
43255.66667,1665.27,43255.66667,45.96,43255.66667,100.24,43255.66667,6.19
43256.66667,1696.35,43256.66667,46.29,43256.66667,99.94,43256.66667,6.16
43257.66667,1695.75,43257.66667,46.28,43257.66667,101.91,43257.66667,6.15
43258.66667,1689.3,43258.66667,47.2,43258.66667,102.47,43258.66667,6.16
43259.66667,1683.99,43259.66667,47.04,43259.66667,103.98,43259.66667,6.14
43262.66667,1689.12,43262.66667,47.12,43262.66667,104.35,43262.66667,6.16
43263.66667,1698.75,43263.66667,46.12,43263.66667,104.33,43263.66667,6.13
43264.66667,1704.86,43264.66667,46.01,43264.66667,106.31,43264.66667,6.11
43265.66667,1723.86,43265.66667,46.44,43265.66667,108.75,43265.66667,6.16
43266.66667,1715.97,43266.66667,45.13,43266.66667,108.85,43266.66667,6.14
43269.66667,1723.79,43269.66667,45.35,43269.66667,107.06,43269.66667,6.17
43270.66667,1734.78,43270.66667,45.15,43270.66667,106.1,43270.66667,6.21
43271.66667,1750.08,43271.66667,44.76,43271.66667,107.15,43271.66667,6.22
43272.66667,1730.22,43272.66667,44.16,43272.66667,105.89,43272.66667,6.22
43273.66667,1715.67,43273.66667,45.78,43273.66667,106.34,43273.66667,6.22
43276.66667,1663.15,43276.66667,44.24,43276.66667,104.45,43276.66667,6.19
43277.66667,1691.09,43277.66667,44.89,43277.66667,104.26,43277.66667,6.16
43278.66667,1660.51,43278.66667,45.44,43278.66667,103.96,43278.66667,5.9
43279.66667,1701.45,43279.66667,45.67,43279.66667,104.77,43279.66667,5.97
43280.66667,1699.8,43280.66667,45.66,43280.66667,104.81,43280.66667,6.01
43283.66667,1713.78,43283.66667,45.2,43283.66667,105.33,43283.66667,6.05
43284.54167,1693.96,43284.54167,45.9,43284.54167,104.04,43284.54167,6.11
43286.66667,1699.73,43286.66667,46,43286.66667,105.34,43286.66667,6.14
43287.66667,1710.63,43287.66667,45.94,43287.66667,104.78,43287.66667,6.12
43290.66667,1739.02,43290.66667,46.6,43290.66667,106.02,43290.66667,6.13
43291.66667,1743.07,43291.66667,47.05,43291.66667,106.03,43291.66667,6.1
43292.66667,1755,43292.66667,45.14,43292.66667,108.04,43292.66667,6.11
43293.66667,1796.62,43293.66667,45.35,43293.66667,108.25,43293.66667,6.11
43294.66667,1813.03,43294.66667,45.37,43294.66667,110,43294.66667,6.14
43297.66667,1822.49,43297.66667,44.62,43297.66667,110.2,43297.66667,6.14
43298.66667,1843.93,43298.66667,44.43,43298.66667,110.3,43298.66667,6.12
43299.66667,1842.92,43299.66667,44.25,43299.66667,110.69,43299.66667,6.11
43300.66667,1812.97,43300.66667,44.44,43300.66667,112.13,43300.66667,6.11
43301.66667,1813.7,43301.66667,44.54,43301.66667,111.48,43301.66667,6.14
43304.66667,1802,43304.66667,44.25,43304.66667,111.09,43304.66667,6.13
43305.66667,1829.24,43305.66667,44.82,43305.66667,110.7,43305.66667,6.14
43306.66667,1863.61,43306.66667,45.04,43306.66667,111.18,43306.66667,6.13
43307.66667,1808,43307.66667,44.53,43307.66667,113.51,43307.66667,6.13
43308.66667,1817.27,43308.66667,44.51,43308.66667,112.62,43308.66667,6.12
43311.66667,1779.22,43311.66667,44.41,43311.66667,112.63,43311.66667,6.17
43312.66667,1777.44,43312.66667,45.09,43312.66667,113.56,43312.66667,6.21
43313.66667,1797.17,43313.66667,44.53,43313.66667,112.97,43313.66667,6.17
43314.66667,1834.33,43314.66667,43.77,43314.66667,112.75,43314.66667,6.23
43315.66667,1823.29,43315.66667,43.97,43315.66667,114.09,43315.66667,6.38
43318.66667,1847.75,43318.66667,44.13,43318.66667,115.94,43318.66667,6.4
43319.66667,1862.48,43319.66667,44.72,43319.66667,116.56,43319.66667,6.28
43320.66667,1886.52,43320.66667,44.63,43320.66667,113.98,43320.66667,6.33
43321.66667,1898.52,43321.66667,43.53,43321.66667,114.16,43321.66667,6.32
43322.66667,1886.3,43322.66667,42.99,43322.66667,112.68,43322.66667,6.26
43325.66667,1896.2,43325.66667,42.68,43325.66667,112.12,43325.66667,6.22
43326.66667,1919.65,43326.66667,42.61,43326.66667,112.75,43326.66667,6.22
43327.66667,1882.62,43327.66667,41.53,43327.66667,112.85,43327.66667,6.26
43328.66667,1886.52,43328.66667,41.72,43328.66667,112.48,43328.66667,6.28
43329.66667,1882.22,43329.66667,41.91,43329.66667,112.48,43329.66667,6.31
43332.66667,1876.71,43332.66667,42.38,43332.66667,111.99,43332.66667,6.37
43333.66667,1883.42,43333.66667,42.46,43333.66667,112.39,43333.66667,6.4
43334.66667,1904.9,43334.66667,42.98,43334.66667,111.94,43334.66667,6.36
43335.66667,1902.9,43335.66667,42.94,43335.66667,112,43335.66667,6.33
43336.66667,1905.39,43336.66667,43.42,43336.66667,111.93,43336.66667,6.35
43339.66667,1927.68,43339.66667,43.87,43339.66667,112.33,43339.66667,6.39
43340.66667,1932.82,43340.66667,43.26,43340.66667,112.58,43340.66667,6.38
43341.66667,1998.1,43341.66667,43.39,43341.66667,112.45,43341.66667,6.37
43342.66667,2002.38,43342.66667,43.58,43342.66667,111.92,43342.66667,6.41
43343.66667,2012.71,43343.66667,42.88,43343.66667,112.02,43343.66667,6.4
43347.66667,2039.51,43347.66667,42.72,43347.66667,110.85,43347.66667,6.37
43348.66667,1994.82,43348.66667,42.78,43348.66667,109.87,43348.66667,6.4
43349.66667,1958.31,43349.66667,42.21,43349.66667,110.26,43349.66667,6.48
43350.66667,1952.07,43350.66667,42.03,43350.66667,110.97,43350.66667,6.44
43353.66667,1939.01,43353.66667,42.09,43353.66667,110.68,43353.66667,6.42
43354.66667,1987.15,43354.66667,42.65,43354.66667,109.6,43354.66667,6.4
43355.66667,1990,43355.66667,43.11,43355.66667,109.46,43355.66667,6.34
43356.66667,1989.87,43356.66667,43.42,43356.66667,110.67,43356.66667,6.31
43357.66667,1970.19,43357.66667,43.26,43357.66667,109.26,43357.66667,6.29
43360.66667,1908.03,43360.66667,43.24,43360.66667,109.36,43360.66667,6.3
43361.66667,1941.05,43361.66667,43.56,43361.66667,109.53,43361.66667,6.3
43362.66667,1926.42,43362.66667,43.98,43362.66667,109.79,43362.66667,6.24
43363.66667,1944.3,43363.66667,44.57,43363.66667,111.62,43363.66667,6.27
43364.66667,1915.01,43364.66667,44.67,43364.66667,110.4,43364.66667,6.31
43367.66667,1934.36,43367.66667,45.22,43367.66667,112.77,43367.66667,6.27
43368.66667,1974.55,43368.66667,46.32,43368.66667,113.63,43368.66667,6.29
43369.66667,1974.85,43369.66667,46.26,43369.66667,115.21,43369.66667,6.06
43370.66667,2012.98,43370.66667,46.87,43370.66667,116.04,43370.66667,6.14
43371.66667,2003,43371.66667,46.1,43371.66667,116.94,43371.66667,6.08
43374.66667,2004.36,43374.66667,46.77,43374.66667,116.24,43374.66667,6.04
43375.66667,1971.31,43375.66667,46.81,43375.66667,117.66,43375.66667,6.06
43376.66667,1952.76,43376.66667,46.99,43376.66667,116.91,43376.66667,6.02
43377.66667,1909.42,43377.66667,46.77,43377.66667,116.13,43377.66667,5.96
43378.66667,1889.65,43378.66667,46.5,43378.66667,114.78,43378.66667,5.92
43381.66667,1864.42,43381.66667,45.81,43381.66667,116.02,43381.66667,6
43382.66667,1870.32,43382.66667,46.01,43382.66667,116.89,43382.66667,6.06
43383.66667,1755.25,43383.66667,45.15,43383.66667,112.86,43383.66667,5.99
43384.66667,1719.36,43384.66667,44.13,43384.66667,111.15,43384.66667,5.9
43385.66667,1788.61,43385.66667,44.55,43385.66667,112.61,43385.66667,5.83
43388.66667,1760.95,43388.66667,44.5,43388.66667,113.44,43388.66667,5.89
43389.66667,1819.96,43389.66667,44.7,43389.66667,116.19,43389.66667,5.97
43390.66667,1831.73,43390.66667,44.35,43390.66667,117.13,43390.66667,5.99
43391.66667,1770.72,43391.66667,43.86,43391.66667,116.18,43391.66667,5.96
43392.66667,1764.03,43392.66667,44,43392.66667,118.9,43392.66667,5.95
43395.66667,1789.3,43395.66667,43.14,43395.66667,118.27,43395.66667,5.94
43396.66667,1768.7,43396.66667,42.3,43396.66667,117.85,43396.66667,5.91
43397.66667,1664.2,43397.66667,40.99,43397.66667,111.61,43397.66667,6
43398.66667,1782.17,43398.66667,41.59,43398.66667,114.16,43398.66667,6.11
43399.66667,1642.81,43399.66667,41.1,43399.66667,113.19,43399.66667,6.04
43402.66667,1538.88,43402.66667,41.03,43402.66667,113.04,43402.66667,6.01
43403.66667,1530.42,43403.66667,42.21,43403.66667,114.76,43403.66667,6.09
43404.66667,1598.01,43404.66667,43.37,43404.66667,114.83,43404.66667,6.14
43405.66667,1665.53,43405.66667,42.65,43405.66667,116.1,43405.66667,6.23
43406.66667,1665.53,43406.66667,41.6,43406.66667,115.18,43406.66667,6.29
43409.66667,1627.8,43409.66667,42.61,43409.66667,115.45,43409.66667,6.3
43410.66667,1642.81,43410.66667,42.66,43410.66667,116.71,43410.66667,6.31
43411.66667,1755.49,43411.66667,43.11,43411.66667,117.05,43411.66667,6.29
43412.66667,1754.91,43412.66667,41.27,43412.66667,116,43412.66667,6.07
43413.66667,1712.43,43413.66667,41.24,43413.66667,118,43413.66667,6.09
43416.66667,1636.85,43416.66667,40.87,43416.66667,116.7,43416.66667,6.11
43417.66667,1631.17,43417.66667,39.81,43417.66667,116.85,43417.66667,6.12
43418.66667,1599.01,43418.66667,40.33,43418.66667,117.12,43418.66667,6.11
43419.66667,1619.44,43419.66667,41.16,43419.66667,117.11,43419.66667,6.06
43420.66667,1593.41,43420.66667,40.84,43420.66667,116.19,43420.66667,6.12
43423.66667,1512.29,43423.66667,40.92,43423.66667,115.42,43423.66667,6.08
43424.66667,1495.46,43424.66667,40.1,43424.66667,111.87,43424.66667,5.97
43425.66667,1516.73,43425.66667,41.27,43425.66667,113.03,43425.66667,6.01
43427.54167,1502.06,43427.54167,39.89,43427.54167,112.08,43427.54167,6.06
43430.66667,1581.33,43430.66667,40.53,43430.66667,112.55,43430.66667,6.11
43431.66667,1581.42,43431.66667,40.32,43431.66667,113.9,43431.66667,6.1
43432.66667,1677.75,43432.66667,40.84,43432.66667,116.1,43432.66667,6.13
43433.66667,1673.57,43433.66667,40.48,43433.66667,116.61,43433.66667,6.21
43434.66667,1690.17,43434.66667,40.35,43434.66667,115.49,43434.66667,6.2
43437.66667,1772.36,43437.66667,41.19,43437.66667,115.74,43437.66667,6.2
43438.66667,1668.4,43438.66667,40.95,43438.66667,112.87,43438.66667,6.1
43440.66667,1699.19,43440.66667,39.59,43440.66667,114.33,43440.66667,6.18
43441.66667,1629.13,43441.66667,39.51,43441.66667,111.98,43441.66667,6.19
43444.66667,1641.03,43444.66667,39.37,43444.66667,111.86,43444.66667,6.21
43445.66667,1643.24,43445.66667,39.08,43445.66667,111.97,43445.66667,6.23
43446.66667,1663.54,43446.66667,39.05,43446.66667,112.21,43446.66667,6.18
43447.66667,1658.38,43447.66667,39.29,43447.66667,113.39,43447.66667,6.04
43448.66667,1591.91,43448.66667,38.66,43448.66667,112.2,43448.66667,6.06
43451.66667,1520.91,43451.66667,38.41,43451.66667,110.62,43451.66667,5.96
43452.66667,1551.48,43452.66667,37.82,43452.66667,109.45,43452.66667,5.99
43453.66667,1495.08,43453.66667,37.65,43453.66667,109.22,43453.66667,5.96
43454.66667,1460.83,43454.66667,37.26,43454.66667,107,43454.66667,5.8
43455.66667,1377.45,43455.66667,37.67,43455.66667,104.22,43455.66667,5.81
43458.54167,1343.96,43458.54167,36.65,43458.54167,100.35,43458.54167,5.62
43460.66667,1470.9,43460.66667,38.06,43460.66667,105.83,43460.66667,5.88
43461.66667,1461.64,43461.66667,37.73,43461.66667,106.52,43461.66667,5.92
43462.66667,1478.02,43462.66667,38.13,43462.66667,107.3,43462.66667,5.98
43465.66667,1501.97,43465.66667,37.92,43465.66667,109.65,43465.66667,5.89
43467.66667,1539.13,43467.66667,38.59,43467.66667,108.97,43467.66667,6
43468.66667,1500.28,43468.66667,38.81,43468.66667,106.33,43468.66667,5.99
43469.66667,1575.39,43469.66667,40.03,43469.66667,109.61,43469.66667,6.11
43472.66667,1629.51,43472.66667,40.16,43472.66667,110.56,43472.66667,6.18
43473.66667,1656.58,43473.66667,40.03,43473.66667,111.42,43473.66667,6.12
43474.66667,1659.42,43474.66667,40.36,43474.66667,112.67,43474.66667,6.1
43475.66667,1656.22,43475.66667,40.7,43475.66667,112.8,43475.66667,6.13
43476.66667,1640.56,43476.66667,40.24,43476.66667,112.65,43476.66667,6.18
43479.66667,1617.21,43479.66667,40.42,43479.66667,112.42,43479.66667,6.18
43480.66667,1674.56,43480.66667,40.24,43480.66667,111.76,43480.66667,6.1
43481.66667,1683.78,43481.66667,40.12,43481.66667,110.91,43481.66667,6.14
43482.66667,1693.22,43482.66667,40.13,43482.66667,111.01,43482.66667,6.16
43483.66667,1696.2,43483.66667,40.76,43483.66667,111.04,43483.66667,6.08
43487.66667,1632.17,43487.66667,40.08,43487.66667,110.6,43487.66667,6.07
43488.66667,1640.02,43488.66667,40.12,43488.66667,111.12,43488.66667,6.17
43489.66667,1654.93,43489.66667,40.11,43489.66667,110.55,43489.66667,6.19
43490.66667,1670.57,43490.66667,40.11,43490.66667,111.09,43490.66667,6.2
43493.66667,1637.89,43493.66667,39.57,43493.66667,110.81,43493.66667,6.21
43494.66667,1593.88,43494.66667,40.2,43494.66667,110.9,43494.66667,6.2
43495.66667,1670.43,43495.66667,40.67,43495.66667,110.13,43495.66667,6.23
43496.66667,1718.73,43496.66667,41.12,43496.66667,111.52,43496.66667,6.28
43497.66667,1626.23,43497.66667,41.34,43497.66667,111.3,43497.66667,6.32
43500.66667,1633.31,43500.66667,41.39,43500.66667,111.8,43500.66667,6.31
43501.66667,1658.81,43501.66667,42.82,43501.66667,112.66,43501.66667,6.35
43502.66667,1640.26,43502.66667,43.04,43502.66667,111.41,43502.66667,6.32
43503.66667,1614.37,43503.66667,42.7,43503.66667,110.95,43503.66667,6.32
43504.66667,1588.22,43504.66667,42.49,43504.66667,111.51,43504.66667,6.34
43507.66667,1591,43507.66667,42.21,43507.66667,109.44,43507.66667,6.33
43508.66667,1638.01,43508.66667,42.42,43508.66667,109.2,43508.66667,6.35
43509.66667,1640,43509.66667,42.64,43509.66667,110.2,43509.66667,6.33
43510.66667,1622.65,43510.66667,41.87,43510.66667,110.66,43510.66667,6.3
43511.66667,1607.95,43511.66667,42.29,43511.66667,112.59,43511.66667,6.31
43515.66667,1627.58,43515.66667,42.38,43515.66667,113.51,43515.66667,6.3
43516.66667,1622.1,43516.66667,42.48,43516.66667,113.68,43516.66667,6.28
43517.66667,1619.44,43517.66667,42.29,43517.66667,114.29,43517.66667,6.25
43518.66667,1631.56,43518.66667,42.46,43518.66667,115.25,43518.66667,6.16
43521.66667,1633,43521.66667,42.51,43521.66667,113.59,43521.66667,6.16
43522.66667,1636.4,43522.66667,42.52,43522.66667,113.5,43522.66667,6.16
43523.66667,1641.09,43523.66667,42.84,43523.66667,112.78,43523.66667,6
43524.66667,1639.83,43524.66667,42.65,43524.66667,112.84,43524.66667,6
43525.66667,1671.73,43525.66667,42.58,43525.66667,114.01,43525.66667,5.99
43528.66667,1696.17,43528.66667,42.64,43528.66667,114.33,43528.66667,5.98
43529.66667,1692.43,43529.66667,42.74,43529.66667,114,43529.66667,5.96
43530.66667,1668.95,43530.66667,42.7,43530.66667,114.85,43530.66667,5.92
43531.66667,1625.95,43531.66667,42.63,43531.66667,114.01,43531.66667,5.9
43532.66667,1620.8,43532.66667,42.25,43532.66667,113.81,43532.66667,5.94
43535.66667,1670.62,43535.66667,42.33,43535.66667,114.75,43535.66667,5.99
43536.66667,1673.1,43536.66667,42.46,43536.66667,114.73,43536.66667,5.99
43537.66667,1690.81,43537.66667,43.83,43537.66667,114.09,43537.66667,5.99
43538.66667,1686.22,43538.66667,43.95,43538.66667,114.48,43538.66667,6
43539.66667,1712.36,43539.66667,43.87,43539.66667,114.96,43539.66667,6.02
43542.66667,1742.15,43542.66667,44.24,43542.66667,113.12,43542.66667,6.07
43543.66667,1761.85,43543.66667,44.47,43543.66667,110,43543.66667,6.05
43544.66667,1797.27,43544.66667,44.53,43544.66667,109.99,43544.66667,6.08
43545.66667,1819.26,43545.66667,44.53,43545.66667,108.66,43545.66667,6.16
43546.66667,1764.77,43546.66667,43.95,43546.66667,108.23,43546.66667,6.09
43549.66667,1774.26,43549.66667,43.53,43549.66667,107.79,43549.66667,6.17
43550.66667,1783.76,43550.66667,43.82,43550.66667,110.14,43550.66667,6.19
43551.66667,1765.7,43551.66667,43.59,43551.66667,110.28,43551.66667,6.25
43552.66667,1773.42,43552.66667,43.63,43552.66667,110.71,43552.66667,6.08
43553.66667,1780.75,43553.66667,43.72,43553.66667,111.03,43553.66667,6.09
43556.66667,1814.19,43556.66667,44.09,43556.66667,112.51,43556.66667,6.14
43557.66667,1813.98,43557.66667,44.23,43557.66667,111.96,43557.66667,6.1
43558.66667,1820.7,43558.66667,44.23,43558.66667,112.52,43558.66667,6.11
43559.66667,1818.86,43559.66667,44.15,43559.66667,114.75,43559.66667,6.13
43560.66667,1837.28,43560.66667,44.53,43560.66667,115,43560.66667,6.14
43563.66667,1849.86,43563.66667,45.23,43563.66667,114.96,43563.66667,6.13
43564.66667,1835.84,43564.66667,44.99,43564.66667,116.86,43564.66667,6.11
43565.66667,1847.33,43565.66667,45.04,43565.66667,117.16,43565.66667,6.11
43566.66667,1844.07,43566.66667,44.87,43566.66667,116.6,43566.66667,6.1
43567.66667,1843.06,43567.66667,44.67,43567.66667,130.06,43567.66667,6.1
43570.66667,1844.87,43570.66667,44.67,43570.66667,132.04,43570.66667,6.11
43571.66667,1863.04,43571.66667,44.48,43571.66667,129.9,43571.66667,6.18
43572.66667,1864.82,43572.66667,44.62,43572.66667,131.75,43572.66667,6.18
43573.66667,1861.69,43573.66667,44.39,43573.66667,132.45,43573.66667,6.19
43577.66667,1887.31,43577.66667,45.04,43577.66667,131.68,43577.66667,6.2
43578.66667,1923.77,43578.66667,45.02,43578.66667,133.36,43578.66667,6.26
43579.66667,1901.75,43579.66667,44.13,43579.66667,135.1,43579.66667,6.29
43580.66667,1902.25,43580.66667,43.96,43580.66667,137.24,43580.66667,6.24
43581.66667,1950.63,43581.66667,43.31,43581.66667,139.92,43581.66667,6.31
43584.66667,1938.43,43584.66667,43.02,43584.66667,139.3,43584.66667,6.27
43585.66667,1926.52,43585.66667,43.73,43585.66667,136.97,43585.66667,6.3
43586.66667,1911.52,43586.66667,43.08,43586.66667,136.38,43586.66667,6.24
43587.66667,1900.82,43587.66667,42.63,43587.66667,134.14,43587.66667,6.24
43588.66667,1962.46,43588.66667,43.08,43588.66667,134.33,43588.66667,6.28
43591.66667,1950.55,43591.66667,42.93,43591.66667,135,43591.66667,6.3
43592.66667,1921,43592.66667,42.22,43592.66667,133.44,43592.66667,6.27
43593.66667,1917.77,43593.66667,42.28,43593.66667,134.99,43593.66667,6.24
43594.66667,1899.87,43594.66667,41.65,43594.66667,133.59,43594.66667,6.03
43595.66667,1889.98,43595.66667,41.5,43595.66667,134.04,43595.66667,6.07
43598.66667,1822.68,43598.66667,41.23,43598.66667,131.34,43598.66667,6.04
43599.66667,1840.12,43599.66667,41.55,43599.66667,133.2,43599.66667,6.06
43600.66667,1871.15,43600.66667,41.77,43600.66667,134.68,43600.66667,6.06
43601.66667,1907.57,43601.66667,42.28,43601.66667,135.5,43601.66667,6.07
43602.66667,1869,43602.66667,42.34,43602.66667,135.04,43602.66667,6.05
43605.66667,1858.97,43605.66667,42.58,43605.66667,133.91,43605.66667,6.06
43606.66667,1857.52,43606.66667,42.75,43606.66667,134.09,43606.66667,6.1
43607.66667,1859.68,43607.66667,42.34,43607.66667,133.85,43607.66667,6.11
43608.66667,1815.48,43608.66667,41.34,43608.66667,132.73,43608.66667,6.12
43609.66667,1823.28,43609.66667,41.76,43609.66667,132.79,43609.66667,6.18
43613.66667,1836.43,43613.66667,41.48,43613.66667,132.62,43613.66667,6.16
43614.66667,1819.19,43614.66667,41.27,43614.66667,131.57,43614.66667,6.15
43615.66667,1816.32,43615.66667,41.03,43615.66667,132.2,43615.66667,6.1
43616.66667,1775.07,43616.66667,40.72,43616.66667,132.04,43616.66667,6.04
43619.66667,1692.69,43619.66667,41.04,43619.66667,132.47,43619.66667,6.14
43620.66667,1729.56,43620.66667,41.36,43620.66667,134.82,43620.66667,6.18
43621.66667,1738.5,43621.66667,41.04,43621.66667,135.94,43621.66667,6.15
43622.66667,1754.36,43622.66667,41.61,43622.66667,137.21,43622.66667,6.18
43623.66667,1804.03,43623.66667,42.14,43623.66667,138.04,43623.66667,6.17
43626.66667,1860.63,43626.66667,42.08,43626.66667,137.07,43626.66667,6.16
43627.66667,1863.7,43627.66667,42.34,43627.66667,135.08,43627.66667,6.17
43628.66667,1855.32,43628.66667,41.06,43628.66667,135.72,43628.66667,6.25
43629.66667,1870.3,43629.66667,41.22,43629.66667,141.74,43629.66667,6.27
43630.66667,1869.67,43630.66667,40.91,43630.66667,141.65,43630.66667,6.27
43633.66667,1886.03,43633.66667,40.44,43633.66667,140.97,43633.66667,6.29
43634.66667,1901.37,43634.66667,41.08,43634.66667,139.24,43634.66667,6.31
43635.66667,1908.79,43635.66667,41.09,43635.66667,140.92,43635.66667,6.39
43636.66667,1918.19,43636.66667,41.81,43636.66667,142.02,43636.66667,6.43
43637.66667,1911.3,43637.66667,42.45,43637.66667,140.23,43637.66667,6.17
43640.66667,1913.9,43640.66667,42.18,43640.66667,139.22,43640.66667,6.17
43641.66667,1878.27,43641.66667,41.86,43641.66667,139.94,43641.66667,6.13
43642.66667,1897.83,43642.66667,42.08,43642.66667,140.4,43642.66667,6.12
43643.66667,1904.28,43643.66667,41.62,43643.66667,139.3,43643.66667,6.16
43644.66667,1893.63,43644.66667,41.7,43644.66667,139.64,43644.66667,6.2
43647.66667,1922.19,43647.66667,42.08,43647.66667,141.65,43647.66667,6.18
43648.66667,1934.31,43648.66667,41.86,43648.66667,142.53,43648.66667,6.12
43649.54167,1939,43649.54167,41.36,43649.54167,142.98,43649.54167,6.17
43651.66667,1942.91,43651.66667,41.03,43651.66667,142.45,43651.66667,6.23
43654.66667,1952.32,43654.66667,41.08,43654.66667,141.02,43654.66667,6.18
43655.66667,1988.3,43655.66667,40.95,43655.66667,141.61,43655.66667,6.16
43656.66667,2017.41,43656.66667,41.22,43656.66667,143.54,43656.66667,6.19
43657.66667,2001.07,43657.66667,41.28,43657.66667,143.56,43657.66667,6.21
43658.66667,2011,43658.66667,41.21,43658.66667,144.88,43658.66667,6.23
43661.66667,2020.99,43661.66667,40.69,43661.66667,145.06,43661.66667,6.24
43662.66667,2009.9,43662.66667,40.21,43662.66667,144.3,43662.66667,6.27
43663.66667,1992.03,43663.66667,39.28,43663.66667,142.57,43663.66667,6.26
43664.66667,1977.9,43664.66667,38.84,43664.66667,141.63,43664.66667,6.09
43665.66667,1964.52,43665.66667,39.23,43665.66667,139.85,43665.66667,6.08
43668.66667,1985.63,43668.66667,39.35,43668.66667,140.84,43668.66667,6.09
43669.66667,1994.49,43669.66667,39.47,43669.66667,141.26,43669.66667,6.09
43670.66667,2000.81,43670.66667,39.14,43670.66667,141.29,43670.66667,6.13
43671.66667,1973.82,43671.66667,38.99,43671.66667,143.21,43671.66667,6.12
43672.66667,1943.05,43672.66667,38.98,43672.66667,144.65,43672.66667,6.11
43675.66667,1912.45,43675.66667,39.09,43675.66667,146.39,43675.66667,6.1
43676.66667,1898.53,43676.66667,39.99,43676.66667,144.93,43676.66667,6.1
43677.66667,1866.78,43677.66667,39.74,43677.66667,143.01,43677.66667,6.11
43678.66667,1855.32,43678.66667,39,43678.66667,141.85,43678.66667,6.09
43679.66667,1823.24,43679.66667,38.48,43679.66667,141.71,43679.66667,6.05
43682.66667,1765.13,43682.66667,37.66,43682.66667,138.3,43682.66667,5.94
43683.66667,1787.83,43683.66667,37.61,43683.66667,141.87,43683.66667,6.1
43684.66667,1793.4,43684.66667,37.55,43684.66667,134.86,43684.66667,6.19
43685.66667,1832.89,43685.66667,37.18,43685.66667,137.89,43685.66667,6.24
43686.66667,1807.58,43686.66667,36.81,43686.66667,138.52,43686.66667,6.26
43689.66667,1784.92,43689.66667,36.65,43689.66667,135.75,43689.66667,6.21
43690.66667,1824.34,43690.66667,37.2,43690.66667,137.01,43690.66667,6.25
43691.66667,1762.96,43691.66667,36.26,43691.66667,132.85,43691.66667,6.16
43692.66667,1776.12,43692.66667,36.05,43692.66667,133.41,43692.66667,6.16
43693.66667,1792.57,43693.66667,36.29,43693.66667,135.2,43693.66667,6.24
43696.66667,1816.12,43696.66667,36.85,43696.66667,135.29,43696.66667,6.23
43697.66667,1801.38,43697.66667,36.45,43697.66667,135.13,43697.66667,6.2
43698.66667,1823.54,43698.66667,36.75,43698.66667,135.76,43698.66667,6.22
43699.66667,1805.6,43699.66667,36.52,43699.66667,136.08,43699.66667,6.21
43700.66667,1749.62,43700.66667,36.21,43700.66667,131.67,43700.66667,6.19
43703.66667,1768.87,43703.66667,36.3,43703.66667,134.61,43703.66667,6.22
43704.66667,1761.83,43704.66667,36.6,43704.66667,134.49,43704.66667,6.16
43705.66667,1764.25,43705.66667,36.83,43705.66667,136.55,43705.66667,6.16
43706.66667,1786.4,43706.66667,36.95,43706.66667,137.84,43706.66667,6.17
43707.66667,1776.29,43707.66667,36.95,43707.66667,137.26,43707.66667,6.15
43711.66667,1789.84,43711.66667,36.95,43711.66667,136.31,43711.66667,6.16
43712.66667,1800.62,43712.66667,37.31,43712.66667,137.89,43712.66667,6.21
43713.66667,1840.72,43713.66667,37.37,43713.66667,138.84,43713.66667,6.22
43714.66667,1833.51,43714.66667,37.45,43714.66667,139.55,43714.66667,6.23
43717.66667,1831.35,43717.66667,37.5,43717.66667,138.83,43717.66667,6.27
43718.66667,1820.55,43718.66667,37.84,43718.66667,135.79,43718.66667,6.28
43719.66667,1822.99,43719.66667,37.8,43719.66667,136.19,43719.66667,6.08
43720.66667,1843.55,43720.66667,37.67,43720.66667,137.5,43720.66667,6.14
43721.66667,1839.34,43721.66667,37.87,43721.66667,138.02,43721.66667,6.18
43724.66667,1807.84,43724.66667,39.35,43724.66667,135.8,43724.66667,6.13
43725.66667,1822.55,43725.66667,38.54,43725.66667,136.31,43725.66667,6.13
43726.66667,1817.46,43726.66667,38.59,43726.66667,136.8,43726.66667,5.99
43727.66667,1821.5,43727.66667,38.69,43727.66667,133.3,43727.66667,6
43728.66667,1794.16,43728.66667,38.99,43728.66667,132.27,43728.66667,5.99
43731.66667,1785.3,43731.66667,38.76,43731.66667,132.46,43731.66667,6.08
43732.66667,1741.61,43732.66667,38.13,43732.66667,131.97,43732.66667,6.04
43733.66667,1768.33,43733.66667,38.17,43733.66667,133.09,43733.66667,6.12
43734.66667,1739.84,43734.66667,38.25,43734.66667,131.27,43734.66667,6.13
43735.66667,1725.45,43735.66667,38.26,43735.66667,129.96,43735.66667,6.08
43738.66667,1735.91,43738.66667,37.99,43738.66667,130.32,43738.66667,6.09
43739.66667,1735.65,43739.66667,37.7,43739.66667,129.55,43739.66667,6.05
43740.66667,1713.23,43740.66667,36.59,43740.66667,129.14,43740.66667,6.03
43741.66667,1724.42,43741.66667,36.37,43741.66667,128.15,43741.66667,6.03
43742.66667,1739.65,43742.66667,36.96,43742.66667,130.27,43742.66667,6.05
43745.66667,1732.66,43745.66667,36.95,43745.66667,130.9,43745.66667,6.06
43746.66667,1705.51,43746.66667,36.85,43746.66667,128.47,43746.66667,6.02
43747.66667,1721.99,43747.66667,37.17,43747.66667,129.33,43747.66667,6.04
43748.66667,1720.26,43748.66667,37.16,43748.66667,129.34,43748.66667,6.05
43749.66667,1731.92,43749.66667,37.46,43749.66667,130.02,43749.66667,6.08
43752.66667,1736.43,43752.66667,37.42,43752.66667,129.7,43752.66667,6.11
43753.66667,1767.38,43753.66667,37.36,43753.66667,129.76,43753.66667,6.14
43754.66667,1777.43,43754.66667,37.21,43754.66667,130.86,43754.66667,6.16
43755.66667,1787.48,43755.66667,37.76,43755.66667,132.37,43755.66667,6.17
43756.66667,1757.51,43756.66667,37.48,43756.66667,130.89,43756.66667,6.19
43759.66667,1785.66,43759.66667,38.27,43759.66667,130.26,43759.66667,6.2
43760.66667,1765.73,43760.66667,38.51,43760.66667,132.4,43760.66667,6.22
43761.66667,1762.17,43761.66667,39.06,43761.66667,131.13,43761.66667,6.23
43762.66667,1780.78,43762.66667,39.21,43762.66667,130.26,43762.66667,6.18
43763.66667,1761.33,43763.66667,39.35,43763.66667,130.9,43763.66667,6.16
43766.66667,1777.08,43766.66667,39.24,43766.66667,130.53,43766.66667,6.2
43767.66667,1762.71,43767.66667,37.93,43767.66667,129.48,43767.66667,6.21
43768.66667,1779.99,43768.66667,38.46,43768.66667,129.6,43768.66667,6.24
43769.66667,1776.66,43769.66667,37.91,43769.66667,129.92,43769.66667,6.26
43770.66667,1791.44,43770.66667,38.7,43770.66667,132.75,43770.66667,6.24
43773.66667,1804.66,43773.66667,39.36,43773.66667,132.92,43773.66667,6.23
43774.66667,1801.71,43774.66667,39.83,43774.66667,131.45,43774.66667,6.15
43775.66667,1795.77,43775.66667,39.4,43775.66667,131.27,43775.66667,6.16
43776.66667,1788.2,43776.66667,39.32,43776.66667,132.96,43776.66667,6.15
43777.66667,1785.88,43777.66667,39.19,43777.66667,137.96,43777.66667,6.18
43780.66667,1771.65,43780.66667,39.15,43780.66667,136.74,43780.66667,6.2
43781.66667,1778,43781.66667,39.13,43781.66667,138.58,43781.66667,6.22
43782.66667,1753.11,43782.66667,39.21,43782.66667,148.72,43782.66667,6.24
43783.66667,1754.6,43783.66667,38.98,43783.66667,147.15,43783.66667,6.21
43784.66667,1739.49,43784.66667,39.21,43784.66667,144.67,43784.66667,6.23
43787.66667,1752.53,43787.66667,39.06,43787.66667,147.65,43787.66667,6.23
43788.66667,1752.79,43788.66667,38.65,43788.66667,148.38,43788.66667,6.25
43789.66667,1745.53,43789.66667,38.51,43789.66667,146.93,43789.66667,6.14
43790.66667,1734.71,43790.66667,38.59,43790.66667,146.9,43790.66667,6.07
43791.66667,1745.72,43791.66667,38.55,43791.66667,148.29,43791.66667,6.09
43794.66667,1773.84,43794.66667,38.63,43794.66667,149.69,43794.66667,6.13
43795.66667,1796.94,43795.66667,38.12,43795.66667,151.64,43795.66667,6.13
43796.66667,1818.51,43796.66667,37.76,43796.66667,151.48,43796.66667,6.2
43798.54167,1800.8,43798.54167,37.42,43798.54167,151.58,43798.54167,6.23
43801.66667,1781.6,43801.66667,37.31,43801.66667,150.62,43801.66667,6.24
43802.66667,1769.96,43802.66667,36.82,43802.66667,148.58,43802.66667,6.23
43803.66667,1760.69,43803.66667,37.06,43803.66667,148.28,43803.66667,6.26
43804.66667,1740.48,43804.66667,36.65,43804.66667,147.44,43804.66667,6.24
43805.66667,1751.6,43805.66667,37.09,43805.66667,147.66,43805.66667,6.26
43808.66667,1749.51,43808.66667,37.1,43808.66667,146.21,43808.66667,6.28
43809.66667,1739.21,43809.66667,37.01,43809.66667,146.1,43809.66667,6.26
43810.66667,1748.72,43810.66667,36.56,43810.66667,147.59,43810.66667,6.3
43811.66667,1760.33,43811.66667,36.96,43811.66667,147.76,43811.66667,6.3
43812.66667,1760.94,43812.66667,36.94,43812.66667,146.38,43812.66667,6.35
43815.66667,1769.21,43815.66667,37.44,43815.66667,148.46,43815.66667,6.38
43816.66667,1790.66,43816.66667,37.59,43816.66667,147.73,43816.66667,6.43
43817.66667,1784.03,43817.66667,37.65,43817.66667,146.26,43817.66667,6.44
43818.66667,1792.28,43818.66667,37.65,43818.66667,146.15,43818.66667,6.22
43819.66667,1786.5,43819.66667,37.85,43819.66667,146.88,43819.66667,6.26
43822.66667,1793,43822.66667,38.11,43822.66667,144.68,43822.66667,6.2
43823.54167,1789.21,43823.54167,38.04,43823.54167,145.29,43823.54167,6.24
43825.66667,1868.77,43825.66667,37.98,43825.66667,145.7,43825.66667,6.27
43826.66667,1869.8,43826.66667,37.86,43826.66667,145.75,43826.66667,6.26
43829.66667,1846.89,43829.66667,37.6,43829.66667,143.77,43829.66667,6.22